Score_Index,NonConformity_Score,Year,GEOID,Target_Yield
0,0.3148,2016,17001,12.1074
1,-0.2356,2017,17001,12.0509
2,0.4914,2018,17001,12.4021
3,-0.522,2016,17003,8.2451
4,-0.8441,2017,17003,9.9944
5,0.5824,2018,17003,11.8127
6,-0.0661,2017,17005,10.7029
7,-0.1629,2016,17007,12.3832
8,0.4398,2017,17007,11.9067
9,-0.2682,2018,17007,12.1701
10,-0.4468,2016,17009,11.4302
11,-0.149,2017,17009,11.8315
12,-0.4432,2018,17009,11.7813
13,-0.0725,2016,17011,12.7845
14,0.5921,2017,17011,13.5056
15,0.5196,2018,17011,13.4241
16,-0.9134,2017,17013,9.7812
17,1.769,2016,17015,14.5401
18,1.9124,2017,17015,14.9226
19,0.41,2018,17015,13.6122
20,0.0947,2016,17017,12.6842
21,-0.8567,2017,17017,12.2077
22,0.7105,2018,17017,14.0134
23,0.6052,2016,17019,13.1795
24,0.0035,2017,17019,12.9664
25,0.9527,2018,17019,13.8755
26,-0.2372,2016,17021,12.7406
27,0.443,2017,17021,13.794
28,1.1267,2018,17021,14.6028
29,0.0212,2017,17023,11.6559
30,1.2222,2018,17023,12.7594
31,-0.6786,2016,17025,9.6683
32,0.6371,2017,17025,7.4989
33,0.9323,2018,17025,11.8691
34,-0.2968,2016,17027,9.7122
35,-1.0754,2017,17027,9.8752
36,-0.0062,2018,17027,11.587
37,0.7468,2017,17029,13.0604
38,2.147,2018,17029,14.6906
39,-0.4885,2016,17031,10.659
40,-0.521,2017,17033,10.8158
41,1.2355,2018,17033,12.1826
42,-0.3131,2016,17035,11.1857
43,-0.1249,2017,17035,11.3612
44,0.79,2016,17037,13.5181
45,0.3318,2017,17037,12.7971
46,-0.6231,2018,17037,11.9318
47,0.7144,2016,17039,13.4492
48,-0.7759,2017,17039,12.609
49,0.797,2018,17039,14.1075
50,0.3005,2016,17041,13.0792
51,0.0531,2017,17041,13.2861
52,2.2975,2018,17041,15.4242
53,-0.4005,2016,17045,12.1262
54,0.0152,2017,17045,12.9413
55,0.6746,2018,17045,13.3614
56,-0.3013,2016,17047,8.8783
57,-0.4519,2017,17047,10.7468
58,-0.2967,2018,17047,10.5712
59,-0.4077,2016,17049,10.1699
60,1.0223,2017,17049,11.8378
61,2.9605,2018,17049,14.747
62,-0.2573,2016,17051,10.2201
63,-0.3883,2017,17051,10.6778
64,0.6261,2016,17053,12.7908
65,0.5982,2017,17053,13.3175
66,-0.1254,2018,17053,12.6466
67,-0.4408,2016,17055,7.2481
68,-0.3133,2017,17055,9.8439
69,-0.5931,2018,17055,9.7498
70,-0.2178,2016,17057,12.2328
71,-0.4375,2017,17057,12.4522
72,0.8532,2018,17057,13.6686
73,-0.5419,2016,17059,9.9944
74,0.5342,2017,17059,11.9318
75,-0.9062,2018,17059,10.6465
76,-0.07,2016,17061,11.7186
77,0.5767,2017,17061,12.5651
78,0.2896,2018,17061,12.9914
79,1.1144,2016,17063,13.3175
80,0.833,2017,17063,13.0855
81,0.0635,2018,17063,12.6027
82,0.4978,2016,17065,7.7434
83,0.0298,2017,17065,10.9223
84,-0.5189,2018,17065,10.2577
85,0.5658,2016,17067,13.0165
86,0.9842,2017,17067,13.9758
87,1.8121,2018,17067,14.6593
88,0.1222,2016,17071,12.9789
89,0.4147,2017,17071,14.0385
90,0.1602,2018,17071,13.3739
91,0.4637,2016,17073,13.0353
92,0.6131,2017,17073,13.6435
93,0.7194,2018,17073,13.7626
94,0.0198,2016,17075,12.1387
95,0.3744,2017,17075,12.4773
96,-0.4662,2018,17075,12.2892
97,-1.3919,2016,17077,8.5711
98,0.1178,2017,17077,10.4521
99,-0.2823,2018,17077,10.1699
100,-0.3896,2016,17079,10.3643
101,0.047,2017,17079,11.2484
102,1.4349,2018,17079,12.8974
103,-0.3684,2016,17081,7.6369
104,-0.4778,2017,17081,8.0193
105,-0.317,2018,17081,10.1072
106,-0.1601,2016,17083,11.0101
107,-0.7651,2017,17083,10.7844
108,0.7251,2016,17085,12.8472
109,-0.0802,2017,17085,11.9945
110,0.4262,2018,17085,13.1106
111,0.6297,2016,17087,5.8875
112,-0.9397,2017,17087,9.5241
113,0.8482,2016,17089,13.2172
114,-0.5827,2017,17089,11.0603
115,-0.5065,2018,17089,11.8754
116,0.4514,2016,17091,12.2578
117,0.5227,2017,17091,12.2829
118,-0.794,2018,17091,11.3926
119,0.9685,2016,17093,12.9664
120,1.1743,2017,17093,13.1356
121,0.9292,2018,17093,13.0416
122,0.9695,2016,17095,14.0009
123,0.8372,2017,17095,14.3896
124,0.9957,2018,17095,14.2016
125,-0.8059,2016,17097,9.706
126,-1.515,2017,17097,9.0664
127,0.363,2016,17099,12.8911
128,0.821,2017,17099,13.1733
129,0.762,2018,17099,13.4805
130,-0.7302,2017,17101,10.3518
131,-0.1053,2018,17101,10.4082
132,0.21,2016,17103,12.5964
133,0.6705,2017,17103,13.1043
134,0.0679,2018,17103,12.9099
135,1.1368,2016,17105,13.4617
136,0.464,2017,17105,13.1607
137,0.1832,2018,17105,13.0102
138,0.8939,2016,17107,13.7564
139,0.0656,2017,17107,13.3551
140,1.3203,2018,17107,14.8097
141,0.343,2016,17109,13.3049
142,0.444,2017,17109,13.9069
143,1.087,2018,17109,14.352
144,0.5426,2016,17111,12.5275
145,0.0782,2017,17111,11.1481
146,-0.0266,2018,17111,11.9632
147,0.8004,2016,17113,13.6749
148,0.5497,2017,17113,14.0385
149,0.9144,2018,17113,14.3771
150,0.6558,2016,17115,13.4742
151,0.0575,2017,17115,13.5746
152,1.3817,2018,17115,15.0417
153,0.5002,2016,17117,12.4898
154,-0.1694,2017,17117,11.9506
155,0.5986,2018,17117,13.4993
156,-0.2642,2016,17119,10.7844
157,0.0036,2017,17119,11.1543
158,0.5658,2018,17119,12.4021
159,-1.1843,2016,17121,9.079
160,-0.97,2017,17121,9.0351
161,1.3089,2018,17121,12.4898
162,0.5632,2016,17123,13.5181
163,1.5631,2017,17123,14.4649
164,0.4105,2018,17123,13.4115
165,0.1739,2016,17125,12.4522
166,-0.2135,2017,17125,12.6529
167,-1.1745,2016,17127,8.6965
168,-0.0323,2017,17127,11.2108
169,0.352,2016,17129,13.1231
170,0.5853,2017,17129,13.8379
171,0.5915,2016,17131,13.3864
172,1.458,2017,17131,14.9665
173,1.397,2018,17131,14.5025
174,-0.9996,2016,17133,9.3548
175,-0.3485,2017,17133,8.383
176,-0.1986,2018,17133,10.8847
177,0.3933,2016,17135,12.3456
178,0.1223,2017,17135,12.3519
179,1.1093,2018,17135,13.9696
180,0.1053,2016,17137,12.8911
181,-0.4309,2017,17137,12.3456
182,0.8148,2018,17137,14.327
183,0.2315,2016,17139,13.0353
184,-0.0541,2017,17139,13.5181
185,1.4094,2018,17139,14.6655
186,1.4067,2016,17141,14.1639
187,0.555,2017,17141,12.9789
188,-0.511,2018,17141,12.4271
189,0.6178,2016,17143,13.4554
190,1.3544,2017,17143,14.2768
191,1.2914,2018,17143,14.352
192,-0.7232,2016,17145,7.06
193,-0.9196,2017,17145,7.7058
194,-0.8995,2018,17145,9.2608
195,0.7457,2016,17147,13.7125
196,-0.0777,2017,17147,13.5871
197,1.3883,2018,17147,15.1609
198,-0.0021,2016,17149,11.3926
199,0.2388,2017,17149,11.9757
200,-0.4401,2018,17149,11.449
201,-1.6086,2016,17151,7.9817
202,-1.2454,2016,17153,8.872
203,1.2901,2017,17153,12.0948
204,0.8279,2016,17155,13.6749
205,0.593,2017,17155,13.1858
206,-0.0064,2018,17155,12.9287
207,-1.4399,2016,17157,8.4708
208,-1.2316,2017,17157,8.1949
209,-0.4871,2018,17157,10.3706
210,-0.8505,2016,17159,9.2169
211,-0.8695,2017,17159,9.2796
212,-0.0904,2018,17159,10.5148
213,0.6021,2016,17161,13.2172
214,1.125,2017,17161,14.12
215,1.1093,2018,17161,14.0072
216,-0.4649,2016,17163,9.9818
217,-0.3455,2017,17163,10.3706
218,0.2644,2018,17163,11.6873
219,-1.448,2016,17165,8.5648
220,0.0422,2017,17165,10.728
221,-0.654,2018,17165,10.0634
222,1.2098,2016,17167,13.9257
223,1.1158,2017,17167,14.0699
224,1.3556,2018,17167,14.8223
225,-0.5069,2016,17169,11.6936
226,-0.311,2017,17169,12.1826
227,0.0771,2018,17169,12.6968
228,0.0368,2016,17171,12.1199
229,0.6519,2017,17171,12.8347
230,-0.283,2016,17173,11.6434
231,0.2592,2017,17173,12.4522
232,1.7312,2018,17173,14.1326
233,0.8067,2016,17175,14.1514
234,0.8577,2017,17175,14.4461
235,1.2556,2018,17175,14.6718
236,0.5301,2016,17177,13.2422
237,0.8651,2017,17177,12.9162
238,0.2022,2018,17177,13.1106
239,1.789,2016,17179,14.7972
240,0.7358,2017,17179,14.2893
241,1.2363,2018,17179,14.7596
242,0.2075,2016,17181,7.2607
243,-0.7843,2017,17181,9.7812
244,0.3884,2016,17183,12.7845
245,-0.3905,2017,17183,12.1763
246,1.0972,2018,17183,13.7188
247,-0.762,2016,17185,9.8063
248,-0.5833,2017,17185,11.0289
249,1.1819,2016,17187,14.3708
250,1.5855,2017,17187,15.4681
251,1.5931,2018,17187,15.1546
252,-1.0518,2016,17189,8.7968
253,-0.3449,2017,17189,8.4833
254,-0.0075,2018,17189,11.3299
255,-0.8989,2017,17191,9.8815
256,0.1129,2018,17191,11.1104
257,-0.4325,2016,17193,8.477
258,-0.0637,2017,17193,11.4553
259,-0.3469,2018,17193,10.8095
260,0.29,2016,17195,12.4773
261,0.7537,2017,17195,13.1294
262,0.8271,2018,17195,13.5369
263,0.7056,2017,17197,12.4083
264,-0.0146,2018,17197,11.681
265,0.01,2016,17199,6.7591
266,0.4033,2017,17199,10.4082
267,0.417,2018,17199,10.3706
268,-0.0823,2016,17201,12.1575
269,0.2152,2017,17201,11.5368
270,-0.6439,2018,17201,11.5619
271,1.5925,2016,17203,14.5966
272,0.2894,2017,17203,13.4303
273,0.8129,2018,17203,14.026
274,-0.3917,2016,18001,10.0007
275,0.26,2017,18001,10.6465
276,-0.095,2018,18001,12.1952
277,-0.9836,2016,18003,9.9003
278,-0.5896,2017,18003,10.5085
279,-0.8856,2018,18003,11.3926
280,-0.4992,2016,18005,10.7342
281,0.3247,2018,18005,11.8691
282,0.095,2016,18007,12.4898
283,0.565,2017,18007,12.4898
284,-0.2346,2018,18007,12.6466
285,0.0035,2016,18009,10.9035
286,0.291,2017,18009,11.2358
287,0.0439,2018,18009,12.6027
288,-0.9958,2016,18011,11.2923
289,-0.2534,2017,18011,11.5619
290,0.0033,2018,18011,12.471
291,0.0623,2016,18015,12.4021
292,-0.9847,2017,18015,11.38
293,-0.052,2018,18015,12.8347
294,0.082,2016,18017,11.8879
295,-0.5287,2017,18017,11.355
296,-0.4671,2018,18017,12.2578
297,-1.372,2016,18019,8.8094
298,-0.9047,2017,18019,9.9568
299,0.1535,2018,18019,11.2045
300,-0.2843,2017,18021,11.8879
301,-0.3513,2018,18021,11.38
302,-0.4114,2016,18023,11.9506
303,-0.4215,2017,18023,11.6058
304,0.5759,2018,18023,13.4115
305,-0.9094,2016,18027,10.7781
306,-0.1987,2017,18027,12.1638
307,0.5633,2018,18027,12.3017
308,-0.7331,2016,18029,10.1637
309,-0.6874,2017,18029,10.5524
310,-0.249,2018,18029,11.0791
311,-0.5662,2016,18031,11.217
312,-0.5449,2017,18031,11.9255
313,0.9394,2018,18031,12.9664
314,-0.9092,2016,18033,9.1793
315,-0.3886,2017,18033,10.659
316,-0.7232,2018,18033,10.0007
317,-0.9061,2016,18035,10.3455
318,-0.9108,2017,18035,9.7185
319,0.7414,2018,18035,13.0479
320,-1.2204,2016,18037,8.9849
321,0.7166,2017,18037,12.4209
322,0.4068,2018,18037,11.7312
323,-0.5942,2016,18039,9.9505
324,-0.8396,2017,18039,10.8973
325,-0.5406,2018,18039,10.8158
326,-0.5365,2016,18041,10.8596
327,-0.9499,2017,18041,10.8471
328,0.63,2018,18041,12.4522
329,-1.0549,2016,18043,8.0632
330,-0.3719,2016,18045,12.0259
331,-0.8652,2017,18045,11.518
332,-0.3522,2016,18047,10.9913
333,-0.5328,2017,18047,11.1418
334,0.0649,2018,18047,11.6434
335,-0.1763,2016,18049,11.0791
336,0.6617,2017,18049,12.54
337,-0.2539,2018,18049,11.7374
338,-0.9238,2016,18051,10.1386
339,-0.0038,2017,18051,12.2014
340,-0.0114,2018,18051,11.5368
341,-0.8389,2017,18053,10.6339
342,0.0234,2018,18053,12.8159
343,-1.1106,2016,18055,9.7812
344,-0.2569,2017,18055,10.101
345,0.3382,2018,18055,11.2296
346,-0.738,2016,18057,11.2546
347,-1.1536,2017,18057,9.7624
348,-0.5147,2018,18057,10.9412
349,-1.1575,2016,18059,10.8095
350,-0.1038,2017,18059,9.9129
351,-0.6308,2018,18059,11.7562
352,-0.8099,2016,18061,9.3925
353,-0.7926,2017,18061,10.1888
354,1.0494,2018,18061,11.8628
355,-0.8367,2016,18063,11.2108
356,-0.3489,2017,18063,11.4929
357,0.8244,2018,18063,12.9726
358,-0.2156,2016,18065,11.1355
359,-0.9191,2017,18065,10.8283
360,0.1251,2018,18065,12.4459
361,0.0303,2016,18067,12.0823
362,-0.4289,2017,18067,11.6058
363,0.4876,2018,18067,13.5244
364,-0.4383,2017,18069,10.4834
365,-0.8935,2018,18069,11.4741
366,-0.3697,2016,18071,10.101
367,-0.789,2017,18071,10.4521
368,-0.1193,2018,18071,10.8596
369,-0.5462,2016,18073,11.2923
370,-0.4047,2017,18073,11.4741
371,-0.2238,2018,18073,10.3142
372,-0.0485,2016,18075,10.4897
373,-0.4083,2017,18075,9.9881
374,-0.138,2018,18075,11.8252
375,-1.0218,2016,18077,9.3298
376,-0.7744,2017,18077,10.5211
377,0.4158,2018,18077,11.5995
378,-1.0793,2016,18079,9.8188
379,-0.8761,2017,18079,10.7468
380,0.0061,2018,18079,11.3863
381,-0.9688,2016,18081,10.0884
382,-0.7748,2017,18081,10.9976
383,-0.7197,2016,18083,10.6402
384,-0.7293,2017,18083,11.5807
385,-0.2848,2018,18083,11.2484
386,-0.3117,2016,18085,10.333
387,-0.8381,2017,18085,10.7405
388,-0.4218,2018,18085,11.2735
389,-1.1969,2016,18087,8.4081
390,-0.2789,2017,18087,8.9097
391,-0.5674,2018,18087,8.9097
392,-0.3485,2016,18089,11.123
393,1.0562,2017,18089,12.3456
394,0.2349,2016,18091,9.2733
395,-0.0418,2017,18091,9.6872
396,-0.0528,2018,18091,9.9693
397,-1.1265,2016,18093,9.0664
398,-0.6168,2017,18093,11.0101
399,1.3093,2018,18093,12.0447
400,-0.5213,2016,18095,11.355
401,-1.1131,2017,18095,10.3706
402,0.123,2018,18095,12.8598
403,-0.3155,2016,18099,10.5963
404,0.2112,2017,18099,11.8628
405,-0.4279,2018,18099,11.0101
406,-0.8825,2016,18101,10.0759
407,0.6821,2018,18101,11.4678
408,-0.3221,2016,18103,10.4834
409,-0.7195,2017,18103,10.728
410,-0.4629,2018,18103,12.0008
411,-0.7761,2016,18105,10.0759
412,-0.5832,2017,18105,9.8063
413,0.6093,2018,18105,11.3989
414,-0.0667,2016,18107,12.54
415,0.0125,2017,18107,12.54
416,-0.9308,2016,18109,10.4082
417,-0.9191,2017,18109,10.5838
418,0.5263,2018,18109,12.3519
419,0.9606,2016,18111,12.8347
420,0.8368,2017,18111,12.7845
421,-0.284,2018,18111,12.471
422,-0.3101,2016,18113,9.8502
423,-0.3251,2017,18113,11.0038
424,-0.5373,2018,18113,10.7029
425,-0.9907,2016,18115,9.405
426,-0.267,2017,18115,10.7092
427,0.259,2018,18115,11.286
428,-0.4916,2016,18117,10.1762
429,0.6976,2017,18117,12.4271
430,1.8725,2018,18117,12.9601
431,-0.9049,2016,18119,10.0634
432,-0.2894,2017,18119,9.7875
433,-0.0016,2018,18119,10.8283
434,-0.1951,2016,18121,11.4616
435,-0.6603,2017,18121,11.1982
436,0.4076,2018,18121,12.0823
437,-0.0179,2017,18123,11.2609
438,-1.2851,2016,18125,9.1856
439,-0.6564,2016,18127,10.8659
440,0.2694,2017,18127,11.6747
441,-0.3161,2018,18127,11.4177
442,-0.5254,2016,18129,9.0288
443,-0.0891,2017,18129,11.9193
444,-0.3936,2018,18129,11.4177
445,-0.9592,2016,18131,9.9568
446,0.0559,2017,18131,11.6747
447,-0.8912,2018,18131,10.6026
448,-0.5871,2017,18133,11.286
449,0.5899,2018,18133,12.3394
450,-1.0003,2016,18135,10.3957
451,-0.5065,2017,18135,10.6339
452,-0.5796,2018,18135,11.587
453,-1.0379,2016,18137,9.9003
454,0.2516,2017,18137,11.6559
455,0.0778,2018,18137,11.4678
456,-0.0632,2016,18139,11.8378
457,-0.7181,2017,18139,11.6246
458,0.418,2018,18139,12.7845
459,-0.6136,2016,18141,9.3548
460,-0.2107,2017,18141,11.1606
461,-0.8185,2018,18141,10.2953
462,-0.5656,2016,18143,8.9159
463,-0.9571,2017,18143,10.4646
464,0.1553,2018,18143,11.2985
465,-1.1294,2016,18145,10.3455
466,-0.8436,2017,18145,11.2045
467,0.196,2018,18145,12.1826
468,-0.7271,2016,18147,9.3486
469,0.5962,2017,18147,12.308
470,-0.9284,2016,18149,8.9473
471,-0.4076,2017,18149,10.7719
472,-0.9082,2016,18151,9.2545
473,-0.4849,2017,18151,10.032
474,-0.6986,2018,18151,9.405
475,-1.0789,2016,18153,10.2891
476,-1.0528,2017,18153,11.2797
477,0.1098,2018,18153,11.7437
478,-0.76,2016,18155,9.9191
479,-0.4089,2017,18155,10.7154
480,0.0983,2018,18155,11.1606
481,-0.7522,2017,18157,11.3048
482,0.2339,2018,18157,12.609
483,-0.2124,2016,18159,12.4459
484,-0.87,2017,18159,10.8283
485,0.4036,2018,18159,13.5118
486,-0.9746,2016,18161,11.1042
487,-0.7712,2017,18161,11.3487
488,0.3505,2018,18161,12.7845
489,-0.9297,2016,18163,9.6558
490,0.3187,2017,18163,12.1638
491,-0.4995,2018,18163,11.2609
492,0.0997,2016,18165,12.3832
493,-0.4533,2017,18165,11.7876
494,0.0251,2018,18165,12.3832
495,-0.1196,2017,18167,11.7061
496,-0.3282,2018,18167,11.0603
497,-0.5682,2016,18169,11.1167
498,-0.4633,2017,18169,10.9286
499,-0.0576,2018,18169,12.6278
500,0.9143,2016,18171,13.3112
501,0.2866,2017,18171,12.9162
502,0.1067,2018,18171,12.9413
503,-1.375,2016,18173,8.4394
504,0.0039,2017,18173,11.4365
505,-0.7562,2018,18173,10.1072
506,-1.0091,2016,18175,9.2671
507,-0.36,2017,18175,10.822
508,0.957,2018,18175,11.5431
509,-0.7829,2016,18177,10.4834
510,-0.7017,2017,18177,10.7781
511,-0.1067,2018,18177,12.0196
512,0.4224,2017,18179,11.6058
513,0.4443,2018,18179,12.7971
514,-0.5208,2016,18181,11.8628
515,-0.2796,2017,18181,11.6246
516,-0.2745,2018,18181,12.3456
517,-0.8426,2016,18183,10.1072
518,-0.1944,2017,18183,10.9725
519,-0.872,2018,18183,11.3299
520,0.0869,2016,19001,11.9318
521,-0.6953,2017,19001,10.985
522,0.8028,2018,19001,9.3736
523,-0.048,2016,19003,11.75
524,-0.8914,2017,19003,11.2797
525,-0.5577,2018,19003,10.7593
526,1.2236,2016,19005,12.8598
527,0.2889,2017,19005,11.9444
528,0.4123,2018,19005,12.4397
529,0.5124,2016,19007,11.681
530,-0.5612,2017,19007,10.659
531,0.742,2016,19009,12.9225
532,0.2268,2017,19009,13.2422
533,-0.2231,2018,19009,11.286
534,-0.108,2016,19011,12.5337
535,0.4988,2017,19011,13.4993
536,0.258,2018,19011,13.4554
537,0.73,2016,19013,12.9413
538,0.2862,2017,19013,13.1168
539,-0.1192,2018,19013,12.9287
540,0.3476,2016,19015,13.0667
541,-0.9324,2017,19015,12.0635
542,-0.6708,2018,19015,12.145
543,0.9387,2016,19017,13.2046
544,1.0269,2017,19017,13.3363
545,0.6386,2018,19017,13.3175
546,0.7258,2016,19019,12.8911
547,1.4254,2017,19019,13.8755
548,0.0119,2018,19019,12.9852
549,0.1718,2016,19021,12.609
550,-0.5128,2017,19021,11.7813
551,-0.3993,2018,19021,12.1074
552,0.6197,2016,19023,12.9977
553,0.6342,2017,19023,13.2548
554,0.5854,2018,19023,13.2485
555,0.4144,2016,19025,12.9977
556,-0.776,2017,19025,12.2328
557,-0.5578,2018,19025,12.1199
558,0.3113,2016,19027,12.7344
559,0.0887,2017,19027,13.2485
560,0.2375,2018,19027,13.0667
561,0.1644,2016,19029,12.2829
562,-0.3526,2017,19029,12.377
563,0.1508,2018,19029,10.6276
564,0.6339,2016,19031,13.4993
565,0.6407,2017,19031,13.9382
566,0.6051,2018,19031,13.9382
567,-0.0992,2016,19033,12.1387
568,0.5298,2017,19033,13.098
569,-0.5431,2018,19033,11.5619
570,1.2288,2016,19035,13.7752
571,-0.4304,2017,19035,12.772
572,0.642,2018,19035,13.3739
573,1.0077,2016,19037,12.9538
574,0.3703,2017,19037,12.1889
575,0.0041,2018,19037,12.0948
576,-0.8595,2016,19039,10.2765
577,-0.6516,2018,19039,10.1449
578,0.5024,2016,19041,12.6654
579,-0.6163,2017,19041,12.3707
580,0.5521,2018,19041,9.938
581,0.9446,2016,19043,13.1858
582,1.5719,2017,19043,13.3927
583,-0.1644,2018,19043,12.634
584,0.7426,2016,19045,13.4053
585,0.4497,2017,19045,13.3739
586,0.2589,2018,19045,13.2234
587,1.1112,2016,19047,13.3864
588,0.84,2017,19047,13.9131
589,0.4253,2018,19047,13.4178
590,0.2526,2016,19049,12.7908
591,-0.7709,2017,19049,11.7374
592,-0.6301,2018,19049,10.9098
593,0.6567,2016,19051,11.8315
594,2.1338,2017,19051,6.7277
595,0.2619,2016,19053,11.355
596,0.1623,2018,19053,10.8158
597,0.3672,2016,19055,12.6842
598,1.3896,2017,19055,13.6686
599,0.9767,2018,19055,14.095
600,0.619,2016,19057,13.167
601,-0.2878,2017,19057,12.5463
602,-0.3055,2018,19057,12.2516
603,0.075,2016,19059,11.7876
604,-0.3268,2017,19059,12.3017
605,-0.2217,2018,19059,10.0571
606,0.9238,2016,19061,13.261
607,0.842,2017,19061,13.4868
608,0.0644,2018,19061,13.2799
609,0.0852,2016,19063,12.4459
610,0.0364,2017,19063,13.1733
611,-0.0406,2018,19063,9.7687
612,0.4304,2016,19065,12.6968
613,1.0287,2017,19065,13.0165
614,-0.2285,2018,19065,12.5463
615,0.1999,2016,19067,12.308
616,0.5483,2017,19067,12.7532
617,-0.5267,2018,19067,11.5619
618,0.3493,2016,19069,12.841
619,0.0511,2017,19069,12.9225
620,0.3311,2018,19069,12.8096
621,-0.4451,2016,19071,11.3362
622,0.2934,2017,19071,12.8222
623,-0.6331,2018,19071,12.2328
624,0.2456,2016,19073,12.8848
625,-0.2013,2017,19073,12.6779
626,-0.0589,2018,19073,12.6215
627,-0.1605,2016,19075,12.4459
628,0.2949,2017,19075,13.6247
629,0.862,2018,19075,14.12
630,0.5531,2016,19077,12.4271
631,-0.1829,2017,19077,12.3895
632,-0.3765,2018,19077,12.0509
633,0.4782,2016,19079,13.1043
634,-0.8109,2017,19079,12.2014
635,-0.8129,2018,19079,11.844
636,0.0889,2016,19081,12.5588
637,-0.5183,2017,19081,12.5525
638,-0.6174,2018,19081,11.0791
639,0.3366,2016,19083,13.0416
640,0.2952,2017,19083,13.399
641,0.5229,2018,19083,13.5808
642,0.9372,2016,19085,12.8284
643,-0.4332,2017,19085,12.1136
644,-0.1304,2018,19085,11.0352
645,0.2113,2016,19087,12.4773
646,0.046,2017,19087,12.3143
647,-0.3872,2018,19087,11.8942
648,1.2643,2016,19089,12.6779
649,0.6999,2017,19089,12.6466
650,-0.4176,2018,19089,11.6308
651,0.3813,2016,19091,12.9225
652,-0.3705,2017,19091,12.5964
653,0.6261,2018,19091,10.1762
654,1.0071,2016,19093,13.5432
655,0.095,2017,19093,13.5244
656,0.7942,2018,19093,13.9319
657,0.5085,2016,19095,13.2046
658,0.424,2017,19095,13.5871
659,0.2372,2018,19095,13.2736
660,0.6659,2016,19097,12.6717
661,0.2149,2017,19097,12.6717
662,-0.1225,2018,19097,12.6905
663,0.3056,2016,19099,13.4617
664,-0.3211,2017,19099,12.8284
665,0.5925,2018,19099,13.7062
666,0.277,2016,19101,12.3519
667,-1.1684,2017,19101,10.3768
668,0.1942,2018,19101,12.4648
669,-0.537,2016,19103,11.8503
670,0.4039,2017,19103,13.3614
671,0.5919,2018,19103,13.3112
672,0.1183,2016,19105,12.6215
673,1.0088,2017,19105,13.6059
674,-0.1795,2018,19105,13.098
675,0.9045,2016,19107,13.0792
676,-1.0249,2017,19107,11.0603
677,0.0557,2018,19107,12.772
678,0.1803,2016,19109,12.8347
679,-0.3899,2017,19109,12.8911
680,-0.4647,2018,19109,11.2985
681,0.5262,2016,19111,12.2014
682,-0.9103,2017,19111,11.1606
683,0.3004,2018,19111,12.6215
684,0.1117,2016,19113,12.5588
685,1.0301,2017,19113,13.631
686,0.5314,2018,19113,13.5056
687,0.3475,2016,19115,12.5525
688,0.7274,2017,19115,13.5808
689,-0.1382,2018,19115,12.3206
690,-0.0149,2016,19117,10.9474
691,0.6434,2016,19119,12.9726
692,0.6128,2017,19119,13.725
693,0.01,2018,19119,12.1011
694,-0.2495,2016,19121,11.6308
695,-0.7938,2017,19121,10.8534
696,-0.6489,2018,19121,10.5211
697,0.2146,2016,19123,12.8347
698,-1.0467,2017,19123,11.1104
699,0.1417,2018,19123,13.0228
700,0.1573,2016,19125,12.4146
701,-0.1176,2017,19125,11.6434
702,-0.1535,2018,19125,11.9255
703,0.2855,2016,19127,13.2485
704,0.6377,2017,19127,13.9445
705,0.8851,2018,19127,14.1702
706,0.0639,2016,19129,11.8127
707,-0.4993,2017,19129,11.9193
708,0.3817,2016,19131,12.4836
709,0.9498,2017,19131,13.3802
710,-0.0633,2018,19131,12.1199
711,0.5581,2016,19133,11.5681
712,0.0077,2017,19133,12.2892
713,-0.8331,2018,19133,11.3738
714,-0.0213,2016,19135,11.286
715,-0.3204,2017,19135,10.6527
716,-0.8666,2018,19135,10.4709
717,-0.3419,2016,19137,11.6308
718,-0.1924,2017,19137,12.4836
719,-0.6683,2018,19137,12.007
720,0.3122,2016,19139,12.7281
721,-0.0463,2017,19139,12.9664
722,0.2907,2018,19139,13.1419
723,0.6727,2016,19141,13.2109
724,0.3061,2017,19141,13.4053
725,0.2876,2018,19141,12.6403
726,0.5188,2016,19143,12.772
727,0.4114,2017,19143,13.2673
728,-0.4565,2018,19143,11.2985
729,-0.0471,2016,19145,11.6497
730,-0.4508,2017,19145,12.1074
731,-0.9109,2018,19145,11.7939
732,-0.0025,2016,19147,12.2892
733,-0.7736,2017,19147,12.2516
734,0.6708,2018,19147,9.9003
735,0.8363,2016,19149,13.1168
736,-0.5807,2017,19149,12.1011
737,1.216,2018,19149,13.4053
738,0.479,2016,19151,12.9664
739,-0.9745,2017,19151,11.9694
740,-0.6411,2018,19151,11.2358
741,-0.1715,2016,19153,12.5275
742,0.0415,2017,19153,12.5588
743,-0.8694,2018,19153,11.6747
744,0.9917,2016,19155,13.1921
745,-0.6687,2017,19155,12.2767
746,0.5477,2016,19157,13.3676
747,0.2069,2017,19157,13.4868
748,0.5403,2018,19157,13.7125
749,0.1436,2016,19159,11.2546
750,-0.7645,2017,19159,10.5211
751,-0.6183,2018,19159,9.6119
752,0.8133,2016,19161,13.4366
753,-0.5179,2017,19161,12.1952
754,0.4367,2018,19161,13.3864
755,0.7336,2016,19163,13.5432
756,1.0242,2017,19163,13.794
757,0.6197,2018,19163,13.4178
758,1.0864,2016,19165,13.4993
759,-0.123,2017,19165,12.9852
760,-0.5413,2018,19165,11.8566
761,0.7049,2016,19167,13.3049
762,0.7289,2017,19167,13.8379
763,0.7564,2018,19167,13.2861
764,0.5323,2016,19169,13.2861
765,-0.5948,2017,19169,12.5588
766,-0.4869,2018,19169,12.0572
767,0.265,2016,19171,13.0667
768,0.6222,2017,19171,13.8316
769,0.7791,2018,19171,14.0636
770,-1.1596,2016,19173,10.0257
771,-0.8041,2017,19173,10.9725
772,-0.2643,2018,19173,9.6809
773,0.1005,2016,19175,11.4741
774,-0.4996,2017,19175,9.2733
775,-0.3058,2018,19175,9.7687
776,0.6503,2016,19177,11.8503
777,0.59,2017,19177,8.0381
778,-0.3387,2018,19177,11.3424
779,0.3951,2016,19179,12.3456
780,-0.5436,2017,19179,9.5931
781,-0.4701,2016,19181,11.5744
782,0.4319,2017,19181,11.4866
783,-0.6599,2018,19181,10.2577
784,0.6944,2016,19183,13.0541
785,0.8334,2017,19183,13.8191
786,0.5072,2018,19183,13.4366
787,-0.0151,2016,19185,10.9412
788,-0.071,2018,19185,10.7593
789,-0.2259,2016,19187,12.5902
790,-0.5804,2017,19187,12.4083
791,-0.6377,2018,19187,11.7939
792,-0.094,2016,19189,12.4083
793,0.0689,2017,19189,13.2109
794,-0.7913,2018,19189,11.3362
795,1.3121,2016,19191,13.2109
796,0.9116,2017,19191,12.5212
797,0.284,2018,19191,12.4209
798,0.7687,2016,19193,12.772
799,-0.0206,2017,19193,12.5714
800,1.4038,2018,19193,13.7501
801,-0.1914,2016,19195,12.007
802,-0.3707,2017,19195,12.4459
803,-0.7288,2018,19195,11.286
804,0.0528,2016,19197,12.5525
805,0.0312,2017,19197,12.9726
806,-0.7583,2018,19197,11.3174
807,-0.33,2016,27001,7.1164
808,1.4305,2018,27001,5.6681
809,-0.1699,2016,27003,10.4521
810,-1.0626,2017,27003,9.6119
811,-1.007,2018,27003,9.0727
812,0.0429,2016,27005,10.3831
813,1.2109,2018,27005,11.3675
814,-0.5408,2016,27007,9.4238
815,-0.5182,2016,27009,10.6151
816,-0.9417,2017,27009,9.6495
817,0.3249,2018,27009,11.4741
818,-0.1105,2016,27011,11.7939
819,-1.0898,2017,27011,11.2108
820,0.0492,2018,27011,12.4334
821,-0.4552,2016,27013,11.9569
822,0.0525,2017,27013,13.1356
823,-0.5443,2018,27013,10.8534
824,-0.3094,2016,27015,11.9882
825,-0.4863,2017,27015,12.3456
826,0.3986,2018,27015,9.9944
827,-1.668,2016,27017,7.9441
828,-1.6065,2017,27017,8.2576
829,-0.7528,2018,27017,9.3172
830,-0.1145,2016,27019,12.1324
831,0.2406,2017,27019,12.8848
832,-0.6252,2018,27019,11.2045
833,-0.813,2016,27021,9.4238
834,-0.2326,2016,27023,12.5149
835,-0.1646,2017,27023,12.5839
836,-0.7123,2018,27023,11.5556
837,-0.0182,2016,27025,9.0664
838,0.0698,2017,27025,9.0163
839,-0.4797,2018,27025,9.963
840,0.1089,2016,27027,11.3926
841,-0.7772,2017,27027,10.4019
842,-0.1352,2018,27027,11.5744
843,-0.0056,2016,27033,12.5588
844,0.1926,2017,27033,13.0102
845,-0.7291,2018,27033,10.891
846,-0.7625,2016,27035,8.1196
847,-1.4654,2017,27035,9.2545
848,-0.043,2016,27037,12.2829
849,0.2754,2017,27037,12.6591
850,0.0386,2018,27037,12.239
851,0.5274,2016,27039,12.7281
852,0.6821,2017,27039,13.5307
853,0.0434,2018,27039,12.5525
854,0.505,2016,27041,11.8315
855,-0.8292,2017,27041,10.7405
856,0.2759,2016,27043,13.073
857,-0.046,2017,27043,13.4993
858,0.7485,2018,27043,10.1386
859,0.4711,2016,27045,12.4271
860,1.1883,2017,27045,13.2987
861,-0.1732,2018,27045,12.0635
862,-0.2223,2016,27047,12.145
863,0.3521,2017,27047,13.261
864,-0.2324,2018,27047,10.9474
865,-0.2597,2016,27049,12.0823
866,0.4825,2017,27049,13.236
867,-0.2059,2018,27049,12.0698
868,0.5108,2016,27051,12.4021
869,-0.4525,2017,27051,11.9255
870,0.0807,2016,27053,11.6998
871,-0.7313,2017,27053,10.7217
872,0.6819,2018,27053,11.7939
873,-0.014,2016,27055,11.9255
874,0.5889,2017,27055,12.3895
875,-0.2253,2018,27055,11.7688
876,1.0,2016,27057,11.3111
877,-0.9006,2017,27059,9.8815
878,-0.3309,2018,27059,10.0257
879,-0.1244,2016,27063,12.1701
880,0.2263,2017,27063,12.8848
881,-0.7281,2018,27063,10.4709
882,-0.0485,2016,27065,10.3706
883,-0.0752,2016,27067,12.3143
884,-0.1791,2017,27067,12.6152
885,-0.1401,2018,27067,12.3143
886,-0.389,2016,27069,9.0476
887,-0.6759,2017,27069,8.3454
888,-0.4484,2018,27069,7.6243
889,-0.0887,2016,27073,12.3143
890,-0.5462,2017,27073,11.8503
891,-0.0193,2018,27073,12.4209
892,0.0794,2016,27079,12.3017
893,0.6182,2017,27079,13.2485
894,-0.6523,2018,27079,11.5431
895,1.032,2016,27081,12.7657
896,-0.3032,2017,27081,10.9537
897,0.3929,2016,27083,12.7594
898,-0.898,2017,27083,11.4741
899,-0.7067,2018,27083,11.2797
900,-0.4462,2016,27085,11.7437
901,0.2535,2017,27085,12.9287
902,-0.5663,2018,27085,11.4866
903,0.29,2016,27087,10.3831
904,-0.7125,2017,27087,9.6056
905,-0.4052,2016,27089,8.8532
906,-0.9046,2017,27089,7.687
907,0.408,2016,27091,13.0165
908,0.0484,2017,27091,13.4178
909,-0.074,2018,27091,10.0759
910,-0.5073,2016,27093,11.4929
911,-0.7313,2017,27093,11.7061
912,-0.0182,2016,27095,10.8722
913,-1.2307,2017,27095,9.6119
914,-0.3905,2016,27097,10.2201
915,-0.4351,2017,27097,10.4897
916,0.7784,2018,27097,11.2672
917,0.2865,2016,27099,12.3958
918,0.7585,2017,27099,13.4303
919,-0.1719,2018,27099,12.1826
920,0.263,2016,27101,12.5651
921,-0.6727,2017,27101,12.3582
922,-1.0435,2018,27101,10.6151
923,0.682,2016,27103,13.1294
924,-0.0043,2017,27103,12.9037
925,-0.7151,2018,27103,11.6622
926,-0.2598,2016,27105,11.75
927,-0.1454,2017,27105,12.1262
928,-1.018,2018,27105,10.5775
929,-0.5968,2016,27107,10.4834
930,-0.9338,2017,27107,9.8251
931,0.1288,2016,27109,12.2516
932,0.749,2017,27109,12.9225
933,0.4017,2018,27109,12.6278
934,0.6626,2016,27111,11.6497
935,-0.3197,2017,27111,11.1731
936,0.802,2018,27111,11.913
937,-1.5197,2017,27113,7.4738
938,-0.4059,2018,27115,10.1135
939,0.6062,2016,27117,12.5086
940,-0.7849,2017,27117,11.6622
941,0.3501,2016,27119,10.4207
942,0.2106,2016,27121,12.1889
943,-0.8785,2017,27121,11.6936
944,0.2525,2018,27121,12.3331
945,1.1021,2016,27125,10.7468
946,-1.1013,2017,27125,8.7717
947,0.0452,2016,27127,12.7156
948,-0.3981,2017,27127,12.5964
949,-0.0418,2018,27127,10.4521
950,-0.0971,2016,27129,12.4648
951,-0.0296,2017,27129,12.9852
952,-0.3884,2018,27129,11.2672
953,-0.4575,2016,27131,11.8064
954,0.6092,2017,27131,13.1168
955,-0.7487,2018,27131,11.2923
956,0.1369,2016,27133,12.6152
957,0.1537,2017,27133,12.9225
958,-0.187,2018,27133,11.3738
959,-1.4134,2017,27135,7.3861
960,-1.0289,2018,27135,8.2262
961,-0.2518,2016,27137,9.7185
962,0.0068,2016,27139,12.239
963,0.2187,2017,27139,12.5463
964,-0.6722,2016,27141,10.4396
965,-0.1413,2017,27141,9.4301
966,0.1513,2016,27143,12.6278
967,0.0615,2017,27143,12.9287
968,-0.1872,2018,27143,11.1731
969,0.2731,2016,27145,11.6622
970,-0.431,2017,27145,11.1418
971,0.16,2018,27145,11.5117
972,0.3307,2016,27147,12.6278
973,0.6807,2017,27147,13.468
974,-0.4153,2018,27147,12.0509
975,0.4414,2016,27149,12.866
976,-0.697,2017,27149,11.9506
977,-0.1882,2018,27149,12.5839
978,-0.0396,2016,27151,12.5337
979,-0.7118,2017,27151,11.9318
980,-0.0347,2018,27151,12.6403
981,0.1184,2016,27153,10.5022
982,-1.3341,2017,27153,9.6997
983,-1.041,2018,27153,9.2859
984,0.1874,2016,27155,12.2077
985,-0.8032,2017,27155,11.612
986,-0.1738,2018,27155,12.377
987,-0.0163,2016,27157,12.1324
988,0.9318,2017,27157,13.167
989,-0.1895,2018,27157,12.4146
990,-1.082,2016,27159,9.2984
991,-0.3728,2017,27159,10.2891
992,-0.1119,2018,27159,10.1637
993,0.4225,2016,27161,12.8284
994,0.4594,2017,27161,13.4805
995,-0.0595,2018,27161,12.3707
996,0.2159,2016,27163,11.8628
997,-0.6137,2017,27163,11.0666
998,1.6661,2018,27163,12.9726
999,-0.6109,2016,27165,11.75
1000,0.6193,2017,27165,13.725
1001,0.8208,2018,27165,9.4175
1002,-0.1678,2016,27167,11.5305
1003,-0.3818,2017,27167,11.4302
1004,0.4282,2016,27169,12.4961
1005,0.5441,2017,27169,12.2578
1006,0.2912,2018,27169,12.5964
1007,-0.0254,2016,27171,11.4804
1008,-0.1002,2017,27171,11.449
1009,-0.0318,2016,27173,12.54
1010,-0.6708,2017,27173,12.0384
1011,-0.4836,2018,27173,11.7562
1012,0.0175,2016,29001,10.6653
1013,-0.9712,2016,29003,9.5304
1014,-0.7929,2017,29003,10.1072
1015,-0.7607,2016,29005,10.6151
1016,-0.6492,2017,29005,11.5431
1017,-0.3775,2018,29005,10.6715
1018,0.229,2016,29007,10.7719
1019,0.244,2017,29007,11.217
1020,-0.5127,2018,29007,8.2325
1021,0.1885,2017,29009,9.1918
1022,0.4537,2018,29009,4.7652
1023,-0.7664,2016,29011,9.7624
1024,-1.0387,2017,29011,9.7436
1025,-0.0157,2018,29011,7.3108
1026,-0.333,2017,29013,10.4772
1027,-0.4947,2018,29013,9.9693
1028,0.1394,2016,29015,10.4584
1029,0.2447,2018,29015,10.6653
1030,0.0756,2017,29017,10.3267
1031,0.0706,2017,29019,10.6841
1032,-0.7024,2016,29021,9.9442
1033,-0.5446,2017,29021,11.2045
1034,0.8725,2016,29025,11.2609
1035,-0.8635,2017,29025,10.1888
1036,0.8091,2017,29027,11.3299
1037,-0.953,2016,29031,8.0507
1038,-1.1128,2017,29031,9.499
1039,-1.1298,2016,29033,10.1198
1040,-0.7113,2017,29033,11.2296
1041,0.2813,2016,29037,10.0195
1042,-0.3481,2017,29037,10.0696
1043,0.888,2017,29039,10.7468
1044,0.0075,2018,29039,6.8594
1045,-0.2682,2017,29041,11.2108
1046,0.0499,2016,29043,7.5804
1047,1.5984,2018,29043,4.7025
1048,-0.0499,2016,29047,10.3455
1049,-0.7614,2017,29047,10.7468
1050,-0.6105,2016,29049,9.8251
1051,-0.16,2017,29049,11.1292
1052,1.0273,2018,29049,6.7402
1053,-0.5913,2016,29051,9.5304
1054,0.6041,2017,29051,11.123
1055,-0.2155,2018,29051,9.8815
1056,-0.1549,2016,29053,10.8973
1057,0.167,2017,29053,11.5681
1058,-1.3928,2016,29057,8.5711
1059,-0.9505,2017,29057,7.756
1060,-0.422,2018,29057,5.9314
1061,0.8378,2017,29059,5.643
1062,-0.7695,2016,29061,10.0947
1063,-0.2198,2017,29061,8.9536
1064,0.2011,2018,29061,5.8436
1065,-0.6739,2017,29063,9.9756
1066,0.2135,2018,29063,5.9941
1067,-0.7036,2016,29069,9.6433
1068,-0.381,2017,29069,11.9067
1069,-0.7611,2018,29069,10.891
1070,-0.6338,2018,29071,8.7278
1071,-1.4909,2016,29073,7.919
1072,-0.1816,2017,29073,9.3987
1073,-1.0118,2018,29073,9.1417
1074,-0.6819,2017,29075,9.405
1075,-0.3647,2016,29077,9.0727
1076,0.5268,2017,29077,9.4364
1077,2.4151,2018,29077,4.1821
1078,-0.7858,2018,29079,6.9221
1079,-0.2394,2017,29081,9.2294
1080,-0.1772,2016,29083,9.3047
1081,-0.0054,2017,29083,10.1511
1082,-0.1382,2018,29083,10.0069
1083,0.1419,2017,29085,7.0349
1084,-1.0765,2018,29085,8.5774
1085,-0.1632,2016,29087,10.7029
1086,0.907,2017,29087,12.7406
1087,-0.012,2016,29095,10.1449
1088,0.6253,2017,29095,12.076
1089,-1.2085,2018,29095,9.1667
1090,-0.9818,2017,29097,9.5743
1091,-1.5915,2016,29099,8.057
1092,-0.1983,2017,29099,6.7904
1093,-0.2686,2018,29099,8.2074
1094,0.4771,2016,29101,10.0508
1095,-0.0059,2017,29101,10.8596
1096,0.4506,2018,29101,10.6778
1097,-0.5251,2016,29103,10.4333
1098,-0.8544,2017,29103,10.3831
1099,-0.6479,2018,29103,7.8751
1100,-0.1459,2016,29105,9.9442
1101,-1.0151,2018,29105,8.2889
1102,0.5533,2016,29107,11.7061
1103,0.8649,2017,29107,12.8911
1104,-0.1978,2018,29107,10.8659
1105,-1.5633,2016,29109,7.6243
1106,-1.2084,2017,29109,7.4488
1107,-0.1561,2016,29111,10.2577
1108,-1.021,2017,29111,9.9505
1109,0.3928,2018,29111,7.3359
1110,-0.2504,2016,29113,9.7687
1111,-0.0796,2017,29113,8.9159
1112,-0.7779,2016,29115,10.0445
1113,-0.522,2016,29117,10.5022
1114,-0.3211,2017,29117,11.1543
1115,0.367,2016,29123,6.5835
1116,-0.364,2016,29125,8.8783
1117,-1.0208,2017,29125,8.2701
1118,0.8187,2016,29127,11.8127
1119,-1.0555,2017,29127,10.0571
1120,-0.8129,2017,29129,9.3736
1121,-1.5717,2016,29131,8.1886
1122,-0.1543,2017,29131,9.7185
1123,0.4891,2018,29131,7.593
1124,-0.2316,2016,29133,9.0037
1125,-0.5851,2017,29133,11.4929
1126,-0.8868,2018,29133,11.2421
1127,-1.0473,2017,29135,9.7498
1128,-0.7108,2018,29135,9.0727
1129,-0.1719,2016,29137,10.2828
1130,-0.4138,2017,29137,9.0476
1131,-0.145,2018,29137,7.825
1132,-0.3923,2017,29139,10.4709
1133,0.3443,2018,29139,7.919
1134,0.1903,2016,29141,9.7373
1135,-0.336,2017,29141,9.731
1136,-0.2146,2018,29141,8.546
1137,-0.1389,2016,29143,10.5399
1138,-0.1747,2017,29143,12.2077
1139,-0.4014,2016,29145,9.079
1140,0.6995,2017,29145,9.6746
1141,0.8255,2018,29145,4.8655
1142,-0.5886,2016,29147,10.4709
1143,-0.5353,2017,29147,11.2923
1144,0.6411,2018,29147,7.8062
1145,1.4057,2016,29151,11.5493
1146,0.1924,2017,29151,10.5085
1147,-0.6124,2018,29151,9.9442
1148,-0.6062,2016,29155,10.0132
1149,-0.4048,2018,29155,11.0289
1150,-0.7435,2017,29157,8.6087
1151,-0.467,2018,29157,9.5492
1152,0.5135,2016,29159,10.4396
1153,0.6309,2017,29159,11.4239
1154,-0.7677,2018,29159,9.9944
1155,0.0828,2016,29163,10.2201
1156,0.4417,2017,29163,10.7468
1157,-0.6973,2018,29163,8.7529
1158,-0.2911,2016,29165,10.0383
1159,-0.9222,2017,29165,10.7844
1160,-1.0322,2018,29165,9.9693
1161,0.4522,2016,29167,10.2201
1162,-1.3765,2017,29167,7.687
1163,-0.7799,2018,29167,7.06
1164,0.5849,2016,29173,10.9161
1165,-0.6041,2017,29173,10.0383
1166,-0.8314,2018,29173,9.3235
1167,0.7177,2016,29175,11.0916
1168,-0.5173,2017,29175,10.333
1169,-0.7002,2018,29175,7.919
1170,-0.4884,2017,29177,11.2609
1171,0.2683,2016,29183,10.5963
1172,-1.077,2017,29183,9.7248
1173,-0.9197,2018,29183,10.1386
1174,-1.0165,2016,29186,9.3674
1175,-0.9669,2017,29186,8.4833
1176,-0.4262,2018,29186,10.7969
1177,-0.8782,2016,29187,8.9097
1178,0.8377,2017,29187,9.7561
1179,-0.6286,2016,29189,9.6746
1180,-0.7564,2017,29189,9.2044
1181,0.3707,2016,29195,11.6559
1182,0.4417,2017,29195,12.471
1183,-0.5129,2018,29195,9.2545
1184,-0.1336,2017,29199,9.2482
1185,-0.3024,2017,29201,11.6434
1186,-0.0534,2016,29205,10.9725
1187,-1.2889,2016,29207,9.2232
1188,-0.9318,2017,29207,10.6088
1189,-0.4198,2018,29207,10.8158
1190,-0.4234,2016,29217,9.2482
1191,-0.0618,2016,29219,9.6558
1192,-0.108,2017,29219,10.0759
1193,-1.2963,2017,29223,8.3579
1194,0.0626,2016,29225,9.869
1195,-0.9562,2017,29225,7.7497
1196,1.9683,2018,29225,4.5144
1197,-0.596,2016,29227,9.9881
1198,-0.7295,2017,29227,9.0539
1199,-0.0638,2018,29227,6.5898
1200,-0.602,2016,39001,9.7436
1201,-0.4548,2017,39001,10.8596
1202,0.0326,2018,39001,11.0289
1203,-1.0555,2016,39003,9.405
1204,-0.9406,2017,39003,10.3455
1205,0.1349,2018,39003,12.3456
1206,-0.7446,2016,39005,7.5992
1207,-0.6574,2018,39005,9.5429
1208,0.5492,2016,39007,10.7844
1209,0.9497,2017,39007,10.8283
1210,-0.7613,2018,39007,9.0288
1211,-0.3939,2016,39009,10.1449
1212,-0.1658,2017,39009,11.1481
1213,0.4054,2018,39009,8.4833
1214,-0.7585,2016,39011,8.4206
1215,-0.0724,2017,39011,10.8408
1216,1.1136,2018,39011,13.167
1217,0.3974,2017,39013,7.524
1218,1.0427,2018,39013,6.27
1219,-0.3369,2016,39015,10.6966
1220,-1.0171,2017,39015,10.9349
1221,0.4703,2018,39015,12.0321
1222,-1.0751,2016,39017,9.7436
1223,-0.7465,2017,39017,10.9725
1224,0.0631,2018,39017,11.4114
1225,0.4464,2016,39019,6.1822
1226,-0.6694,2017,39019,9.2232
1227,-0.7965,2018,39019,8.1761
1228,-0.9939,2016,39021,9.6809
1229,-0.4324,2017,39021,12.2328
1230,0.1724,2018,39021,12.0259
1231,-0.8075,2016,39023,10.3831
1232,-0.1411,2017,39023,12.4522
1233,0.8107,2018,39023,12.7908
1234,-0.8358,2016,39025,10.195
1235,-0.5292,2017,39025,11.3424
1236,0.671,2018,39025,12.2265
1237,0.2398,2016,39027,11.9632
1238,0.0816,2017,39027,12.7469
1239,0.8709,2018,39027,13.3551
1240,-1.1034,2016,39029,8.684
1241,0.0603,2017,39029,10.3957
1242,-0.9381,2018,39029,9.4928
1243,-0.9682,2016,39031,9.2733
1244,-0.2392,2017,39031,10.9098
1245,-0.6008,2018,39031,10.4521
1246,-0.624,2016,39033,10.1135
1247,-0.4652,2017,39033,11.4302
1248,0.5778,2018,39033,12.7281
1249,-0.4585,2016,39037,10.1888
1250,-0.7129,2017,39037,11.054
1251,0.3816,2018,39037,12.9099
1252,-0.5583,2016,39039,10.2577
1253,-0.3043,2017,39039,9.2608
1254,-0.6,2018,39039,11.0415
1255,-0.7413,2016,39041,10.4207
1256,-0.2524,2017,39041,11.8816
1257,-0.4371,2016,39043,9.7561
1258,-0.3054,2017,39043,11.3362
1259,-0.2353,2016,39045,10.9725
1260,-0.51,2017,39045,11.7186
1261,0.0318,2018,39045,11.5117
1262,-0.5528,2016,39047,10.9537
1263,-0.5532,2017,39047,12.007
1264,-0.1961,2018,39047,12.0196
1265,-0.7356,2016,39049,10.3957
1266,-0.5502,2017,39049,10.5148
1267,-1.273,2018,39049,10.3455
1268,-0.9924,2016,39051,11.1355
1269,-0.5455,2017,39051,11.5493
1270,-0.6766,2018,39051,11.3424
1271,-0.7101,2016,39053,8.8219
1272,0.0384,2017,39053,11.4177
1273,-0.3122,2018,39053,10.9035
1274,0.6334,2016,39055,7.2481
1275,-0.5005,2017,39055,8.778
1276,-0.3299,2018,39055,9.8314
1277,-0.4332,2016,39057,11.38
1278,-0.1662,2017,39057,12.2704
1279,1.2738,2018,39057,13.4178
1280,-0.3065,2016,39059,9.0539
1281,-0.3189,2017,39059,9.2859
1282,-1.1128,2018,39059,9.1417
1283,-0.3348,2016,39061,10.8785
1284,-0.6403,2017,39061,11.3362
1285,0.8868,2018,39061,12.4209
1286,-0.9231,2016,39063,8.9786
1287,-1.0434,2017,39063,10.7405
1288,-0.2305,2018,39063,11.5305
1289,-0.8484,2016,39065,9.7561
1290,-0.5633,2017,39065,9.4426
1291,-0.136,2018,39065,11.913
1292,-0.5959,2016,39067,8.5523
1293,-0.5911,2017,39067,9.4614
1294,-0.6988,2018,39067,9.1981
1295,-0.6813,2016,39069,10.5273
1296,-0.7399,2017,39069,11.2358
1297,-0.9489,2018,39069,11.2797
1298,-0.5052,2016,39071,10.8283
1299,-0.6624,2017,39071,10.4772
1300,-0.45,2018,39071,11.2546
1301,-1.0206,2016,39073,9.6307
1302,-0.9532,2016,39075,8.3454
1303,0.1349,2017,39075,10.5838
1304,-0.4969,2018,39075,9.405
1305,-0.298,2016,39077,9.9317
1306,-0.479,2017,39077,11.0728
1307,-0.7689,2018,39077,10.2389
1308,-0.8958,2016,39079,9.079
1309,-0.208,2017,39079,11.0791
1310,-0.087,2018,39079,10.96
1311,-0.8175,2017,39081,9.1667
1312,-0.5972,2018,39081,9.6119
1313,-1.0356,2016,39083,9.2044
1314,0.2606,2017,39083,11.2985
1315,-0.6395,2018,39083,10.333
1316,-0.8175,2017,39087,10.032
1317,0.4868,2018,39087,8.0883
1318,-0.6186,2016,39089,10.333
1319,-0.6571,2017,39089,11.1606
1320,-0.9459,2016,39091,9.4928
1321,-0.5963,2017,39091,10.2577
1322,0.5722,2018,39091,12.2328
1323,0.07,2016,39093,9.9129
1324,-1.1374,2016,39095,10.1574
1325,-0.4018,2017,39095,11.3487
1326,-0.0344,2018,39095,11.518
1327,-0.8695,2016,39097,10.6465
1328,-0.74,2017,39097,12.0509
1329,0.3747,2018,39097,12.4648
1330,-0.1514,2016,39099,9.6872
1331,0.1248,2017,39099,9.5429
1332,-0.8458,2018,39099,9.9066
1333,-0.0604,2016,39101,10.7969
1334,-0.8672,2017,39101,11.123
1335,1.1888,2018,39101,13.1482
1336,-1.2218,2016,39103,8.778
1337,0.0988,2017,39103,9.405
1338,0.1643,2018,39103,10.9098
1339,0.1225,2016,39105,7.9817
1340,-0.9795,2017,39105,10.2201
1341,-0.1744,2018,39105,8.778
1342,-0.6951,2016,39107,9.7937
1343,0.0892,2017,39107,11.0979
1344,0.7347,2018,39107,13.0792
1345,-0.4562,2016,39109,9.01
1346,-0.5117,2017,39109,11.8001
1347,0.3196,2018,39109,12.54
1348,-0.1308,2016,39111,7.8375
1349,-0.5482,2016,39113,10.822
1350,-1.1142,2017,39113,10.7217
1351,-0.3952,2018,39113,11.123
1352,-1.1426,2016,39115,8.7404
1353,0.0592,2017,39115,8.8532
1354,-0.9026,2018,39115,9.5304
1355,-0.0865,2016,39117,10.2076
1356,-0.6409,2017,39117,10.5273
1357,-0.6546,2016,39119,9.3486
1358,-0.5572,2017,39119,11.1104
1359,-0.1614,2018,39119,11.1982
1360,-0.386,2017,39121,8.6212
1361,-0.6667,2016,39123,9.6997
1362,0.0436,2017,39123,11.4929
1363,-0.712,2018,39123,10.3455
1364,-0.9749,2016,39125,9.405
1365,-0.6666,2017,39125,9.9818
1366,-0.6715,2018,39125,11.1606
1367,0.2202,2017,39127,11.6497
1368,-0.5562,2018,39127,10.659
1369,-0.7463,2016,39129,10.2326
1370,-0.7844,2017,39129,11.8001
1371,0.2633,2018,39129,11.7876
1372,-0.5243,2017,39131,10.7844
1373,0.3579,2018,39131,11.286
1374,-0.6371,2016,39133,9.0602
1375,0.1505,2017,39133,8.9786
1376,-0.4072,2018,39133,9.7561
1377,-0.7781,2016,39135,11.1355
1378,-0.7506,2017,39135,11.0666
1379,0.43,2018,39135,12.6027
1380,-0.7546,2016,39137,9.7561
1381,-0.6903,2017,39137,11.1481
1382,0.0793,2018,39137,12.4146
1383,-0.5059,2016,39139,9.3172
1384,-0.1838,2017,39139,10.7468
1385,-0.7544,2016,39141,9.9317
1386,-0.6535,2017,39141,10.9725
1387,0.0179,2018,39141,11.6434
1388,-0.3925,2016,39143,9.938
1389,-0.8862,2017,39143,11.2735
1390,-0.1995,2018,39143,11.3487
1391,-0.524,2016,39145,10.1699
1392,0.0467,2017,39145,11.5932
1393,-0.4977,2018,39145,10.659
1394,-0.376,2016,39147,9.3674
1395,-0.7221,2017,39147,11.054
1396,0.2002,2018,39147,11.3111
1397,-0.743,2016,39149,8.2325
1398,-0.533,2017,39149,11.0352
1399,0.6243,2018,39149,12.7218
1400,-0.9358,2016,39151,7.5992
1401,0.0003,2017,39151,9.9818
1402,-1.0636,2018,39151,9.4677
1403,0.39,2016,39155,10.9286
1404,1.143,2017,39155,11.3236
1405,0.0841,2018,39155,11.0352
1406,-1.4084,2016,39157,8.383
1407,0.3066,2017,39157,11.0979
1408,-0.8453,2018,39157,9.0163
1409,-0.349,2016,39159,11.3362
1410,-0.3974,2017,39159,12.2453
1411,0.4045,2018,39159,12.0447
1412,-0.4256,2016,39161,9.7749
1413,0.1927,2017,39161,10.8785
1414,0.0289,2018,39161,12.3017
1415,0.1031,2016,39165,10.8095
1416,-0.9202,2017,39165,11.0666
1417,0.3296,2018,39165,12.0886
1418,-0.4955,2016,39167,8.477
1419,-0.3436,2017,39167,10.7405
1420,-1.0938,2018,39167,9.2733
1421,-1.318,2016,39169,8.9034
1422,0.2666,2017,39169,10.2514
1423,-0.8312,2018,39169,10.4207
1424,-0.3693,2016,39171,10.6026
1425,-0.7975,2017,39171,10.4897
1426,-0.2239,2018,39171,11.4114
1427,-0.145,2016,39173,10.1699
1428,-1.0003,2017,39173,10.9788
1429,-0.3855,2018,39173,11.0916
1430,-0.801,2016,39175,9.568
1431,-1.0289,2017,39175,10.6527
1432,-0.2655,2018,39175,11.4616
