Held-out State,RMSE,MAE,R²,PICP,ACE,MPIW,Winkler
Illinois,1.2075,0.9548,0.7524,0.9058,0.0058,4.2688,5.3656
Indiana,0.8713,0.6607,0.8130,0.9781,0.0781,4.1093,4.3824
Iowa,1.1714,0.9450,0.7223,0.9361,0.0361,4.2643,4.7203
Minnesota,1.5294,1.1697,0.6251,0.8544,0.0456,4.3684,7.0671
Missouri,1.2504,0.9580,0.6425,0.9231,0.0231,4.6023,5.6358
Ohio,0.9799,0.7513,0.7564,0.9626,0.0626,4.2142,4.5723
Macro Mean,1.1683,0.9066,0.7186,0.9267,0.0419,4.3045,5.2906
Macro 95% CI,"[0.9279, 1.4087]","[0.7187, 1.0945]","[0.6429, 0.7943]","[0.8805, 0.9729]","[0.0143, 0.0694]","[4.1277, 4.4814]","[4.2467, 6.3344]"
Pooled Performance,1.1803,0.9041,0.7448,0.9276,0.0276,4.3020,5.2487
