test_year,model,method,fit_years,dev_years,cal_years,n_fit,n_cal,model_rmse,model_r2,model_bias,baseline_trend_county_rmse,baseline_trend_county_r2,seconds,stratum,n,picp,ace,mpiw,winkler,unsafe_miss_rate,unsafe_target,n_unsafe,mean_shortfall_t_ha,worst_shortfall_t_ha,expected_shortfall_t_ha,group_thresholds,group_fallbacks
2008,lgbm,rolling_static_cp,1985-2003,2004-2005,2006-2007,10539.0,1052.0,0.9701,0.5775,0.509,1.1894,0.3649,42.1,ALL,522,0.7758620689655172,-0.12413793103448278,2.8974286468433292,4.435927214998237,0.01532567049808429,0.04999999999999999,8.0,0.31242287600577123,0.7106220503080287,0.0047880900537282944,,
2008,lgbm,rolling_static_cp,1985-2003,2004-2005,2006-2007,10539.0,1052.0,0.9701,0.5775,0.509,1.1894,0.3649,42.1,Extreme,1,1.0,0.09999999999999998,3.896961502104495,3.896961502104495,0.0,0.04999999999999999,0.0,0.0,0.0,0.0,,
2008,lgbm,rolling_static_cp,1985-2003,2004-2005,2006-2007,10539.0,1052.0,0.9701,0.5775,0.509,1.1894,0.3649,42.1,Moderate,4,1.0,0.09999999999999998,2.9160796116700176,2.9160796116700176,0.0,0.04999999999999999,0.0,0.0,0.0,0.0,,
2008,lgbm,rolling_static_cp,1985-2003,2004-2005,2006-2007,10539.0,1052.0,0.9701,0.5775,0.509,1.1894,0.3649,42.1,Normal,517,0.7736943907156673,-0.12630560928433276,2.895351012966022,4.448728677524748,0.015473887814313346,0.04999999999999999,8.0,0.31242287600577123,0.7106220503080287,0.004834396533938433,,
2008,lgbm,group_conditional_cp,1985-2003,2004-2005,2006-2007,10539.0,1052.0,0.9701,0.5775,0.509,1.1894,0.3649,42.1,ALL,522,0.7624521072796935,-0.13754789272030654,2.8544393600617837,4.492502897336382,0.017241379310344827,0.04999999999999999,9.0,0.2976270080160232,0.73228481594,0.005131500138207297,,
2008,lgbm,group_conditional_cp,1985-2003,2004-2005,2006-2007,10539.0,1052.0,0.9701,0.5775,0.509,1.1894,0.3649,42.1,Extreme,1,1.0,0.09999999999999998,4.397319645105334,4.397319645105334,0.0,0.04999999999999999,0.0,0.0,0.0,0.0,,
2008,lgbm,group_conditional_cp,1985-2003,2004-2005,2006-2007,10539.0,1052.0,0.9701,0.5775,0.509,1.1894,0.3649,42.1,Moderate,4,1.0,0.09999999999999998,2.7807130667925373,2.7807130667925373,0.0,0.04999999999999999,0.0,0.0,0.0,0.0,,
2008,lgbm,group_conditional_cp,1985-2003,2004-2005,2006-2007,10539.0,1052.0,0.9701,0.5775,0.509,1.1894,0.3649,42.1,Normal,517,0.7601547388781431,-0.1398452611218569,2.8520254817020803,4.505931026106993,0.017408123791102514,0.04999999999999999,9.0,0.2976270080160232,0.73228481594,0.005181127799118393,,
2008,lgbm,standard_aci,1985-2003,2004-2005,2006-2007,10539.0,1052.0,0.9701,0.5775,0.509,1.1894,0.3649,42.1,ALL,522,0.7758620689655172,-0.12413793103448278,2.8974286468433292,4.435927214998237,0.01532567049808429,0.04999999999999999,8.0,0.31242287600577123,0.7106220503080287,0.0047880900537282944,,
2008,lgbm,standard_aci,1985-2003,2004-2005,2006-2007,10539.0,1052.0,0.9701,0.5775,0.509,1.1894,0.3649,42.1,Extreme,1,1.0,0.09999999999999998,3.896961502104495,3.896961502104495,0.0,0.04999999999999999,0.0,0.0,0.0,0.0,,
2008,lgbm,standard_aci,1985-2003,2004-2005,2006-2007,10539.0,1052.0,0.9701,0.5775,0.509,1.1894,0.3649,42.1,Moderate,4,1.0,0.09999999999999998,2.9160796116700176,2.9160796116700176,0.0,0.04999999999999999,0.0,0.0,0.0,0.0,,
2008,lgbm,standard_aci,1985-2003,2004-2005,2006-2007,10539.0,1052.0,0.9701,0.5775,0.509,1.1894,0.3649,42.1,Normal,517,0.7736943907156673,-0.12630560928433276,2.895351012966022,4.448728677524748,0.015473887814313346,0.04999999999999999,8.0,0.31242287600577123,0.7106220503080287,0.004834396533938433,,
2008,lgbm,sa_aci,1985-2003,2004-2005,2006-2007,10539.0,1052.0,0.9701,0.5775,0.509,1.1894,0.3649,42.1,ALL,522,0.7681992337164751,-0.13180076628352488,2.874346376037747,4.466188306933423,0.01532567049808429,0.04999999999999999,8.0,0.32419764980439303,0.7223968241066512,0.004968546357155448,,
2008,lgbm,sa_aci,1985-2003,2004-2005,2006-2007,10539.0,1052.0,0.9701,0.5775,0.509,1.1894,0.3649,42.1,Extreme,1,1.0,0.09999999999999998,3.9547181162563803,3.9547181162563803,0.0,0.04999999999999999,0.0,0.0,0.0,0.0,,
2008,lgbm,sa_aci,1985-2003,2004-2005,2006-2007,10539.0,1052.0,0.9701,0.5775,0.509,1.1894,0.3649,42.1,Moderate,4,1.0,0.09999999999999998,2.9331831449473365,2.9331831449473365,0.0,0.04999999999999999,0.0,0.0,0.0,0.0,,
2008,lgbm,sa_aci,1985-2003,2004-2005,2006-2007,10539.0,1052.0,0.9701,0.5775,0.509,1.1894,0.3649,42.1,Normal,517,0.7659574468085106,-0.1340425531914894,2.8718014653687773,4.479038385924954,0.015473887814313346,0.04999999999999999,8.0,0.32419764980439303,0.7223968241066512,0.005016598062737223,,
2008,lgbm,_group_cp_meta,,,,,,,,,,,,ALL,522,,,,,,,,,,,"{""Extreme"": 0.8485, ""Moderate"": 0.5306, ""Normal"": 0.5766}","{""Extreme"": false, ""Moderate"": false, ""Normal"": false}"
2009,lgbm,rolling_static_cp,1985-2004,2005-2006,2007-2008,11072.0,1051.0,0.9921,0.348,0.6997,1.1336,0.1488,31.0,ALL,524,0.9122137404580153,0.012213740458015265,3.1950308125834983,3.5838117971697736,0.0,0.04999999999999999,0.0,0.0,0.0,0.0,,
2009,lgbm,rolling_static_cp,1985-2004,2005-2006,2007-2008,11072.0,1051.0,0.9921,0.348,0.6997,1.1336,0.1488,31.0,Moderate,10,0.8,-0.09999999999999998,3.1966571038928455,4.3098598471513085,0.0,0.04999999999999999,0.0,0.0,0.0,0.0,,
2009,lgbm,rolling_static_cp,1985-2004,2005-2006,2007-2008,11072.0,1051.0,0.9921,0.348,0.6997,1.1336,0.1488,31.0,Normal,514,0.914396887159533,0.014396887159533023,3.194999172674756,3.5696863487265533,0.0,0.04999999999999999,0.0,0.0,0.0,0.0,,
2009,lgbm,group_conditional_cp,1985-2004,2005-2006,2007-2008,11072.0,1051.0,0.9921,0.348,0.6997,1.1336,0.1488,31.0,ALL,524,0.9083969465648855,0.008396946564885432,3.20894238938096,3.6006484291169913,0.0,0.04999999999999999,0.0,0.0,0.0,0.0,,
2009,lgbm,group_conditional_cp,1985-2004,2005-2006,2007-2008,11072.0,1051.0,0.9921,0.348,0.6997,1.1336,0.1488,31.0,Moderate,10,0.6,-0.30000000000000004,2.756012726435322,5.023711785073253,0.0,0.04999999999999999,0.0,0.0,0.0,0.0,,
2009,lgbm,group_conditional_cp,1985-2004,2005-2006,2007-2008,11072.0,1051.0,0.9921,0.348,0.6997,1.1336,0.1488,31.0,Normal,514,0.914396887159533,0.014396887159533023,3.217754250527762,3.5729623716081145,0.0,0.04999999999999999,0.0,0.0,0.0,0.0,,
2009,lgbm,standard_aci,1985-2004,2005-2006,2007-2008,11072.0,1051.0,0.9921,0.348,0.6997,1.1336,0.1488,31.0,ALL,524,0.9122137404580153,0.012213740458015265,3.1950308125834983,3.5838117971697736,0.0,0.04999999999999999,0.0,0.0,0.0,0.0,,
2009,lgbm,standard_aci,1985-2004,2005-2006,2007-2008,11072.0,1051.0,0.9921,0.348,0.6997,1.1336,0.1488,31.0,Moderate,10,0.8,-0.09999999999999998,3.1966571038928455,4.3098598471513085,0.0,0.04999999999999999,0.0,0.0,0.0,0.0,,
2009,lgbm,standard_aci,1985-2004,2005-2006,2007-2008,11072.0,1051.0,0.9921,0.348,0.6997,1.1336,0.1488,31.0,Normal,514,0.914396887159533,0.014396887159533023,3.194999172674756,3.5696863487265533,0.0,0.04999999999999999,0.0,0.0,0.0,0.0,,
2009,lgbm,sa_aci,1985-2004,2005-2006,2007-2008,11072.0,1051.0,0.9921,0.348,0.6997,1.1336,0.1488,31.0,ALL,524,0.9064885496183206,0.0064885496183205715,3.1615883598774825,3.5798907738138976,0.0,0.04999999999999999,0.0,0.0,0.0,0.0,,
2009,lgbm,sa_aci,1985-2004,2005-2006,2007-2008,11072.0,1051.0,0.9921,0.348,0.6997,1.1336,0.1488,31.0,Moderate,10,0.8,-0.09999999999999998,3.210122252279831,4.296394698764324,0.0,0.04999999999999999,0.0,0.0,0.0,0.0,,
2009,lgbm,sa_aci,1985-2004,2005-2006,2007-2008,11072.0,1051.0,0.9921,0.348,0.6997,1.1336,0.1488,31.0,Normal,514,0.9085603112840467,0.008560311284046662,3.160644120725686,3.5659510087370414,0.0,0.04999999999999999,0.0,0.0,0.0,0.0,,
2009,lgbm,_group_cp_meta,,,,,,,,,,,,ALL,524,,,,,,,,,,,"{""Moderate"": 0.4868, ""Normal"": 0.7185}","{""Moderate"": false, ""Normal"": false}"
2010,lgbm,rolling_static_cp,1985-2005,2006-2007,2008-2009,11611.0,1046.0,1.1055,0.5597,-0.5008,1.261,0.4271,33.3,ALL,536,0.8955223880597015,-0.004477611940298498,3.183845773115547,4.402276379485981,0.1044776119402985,0.04999999999999999,56.0,0.5831060759058503,2.284597075241595,0.06092153031852167,,
2010,lgbm,rolling_static_cp,1985-2005,2006-2007,2008-2009,11611.0,1046.0,1.1055,0.5597,-0.5008,1.261,0.4271,33.3,Extreme,31,0.9032258064516129,0.003225806451612856,3.698080948141125,5.534527063219343,0.0967741935483871,0.04999999999999999,3.0,0.948830492790413,1.2147830230244603,0.09182230575391094,,
2010,lgbm,rolling_static_cp,1985-2005,2006-2007,2008-2009,11611.0,1046.0,1.1055,0.5597,-0.5008,1.261,0.4271,33.3,Moderate,33,0.9393939393939394,0.039393939393939426,3.3044297362867505,4.739388067119073,0.06060606060606061,0.04999999999999999,2.0,1.1838406229366663,2.284597075241595,0.07174791654161614,,
2010,lgbm,rolling_static_cp,1985-2005,2006-2007,2008-2009,11611.0,1046.0,1.1055,0.5597,-0.5008,1.261,0.4271,33.3,Normal,472,0.8919491525423728,-0.008050847457627186,3.141641194279863,4.304343208113891,0.10805084745762712,0.04999999999999999,51.0,0.5380346573820204,1.6168652407395872,0.05813510069170136,,
2010,lgbm,group_conditional_cp,1985-2005,2006-2007,2008-2009,11611.0,1046.0,1.1055,0.5597,-0.5008,1.261,0.4271,33.3,ALL,536,0.8936567164179104,-0.006343283582089576,3.172114932431626,4.403356247057309,0.10634328358208955,0.04999999999999999,57.0,0.5788994251222508,2.284597075241595,0.06156206573128413,,
2010,lgbm,group_conditional_cp,1985-2005,2006-2007,2008-2009,11611.0,1046.0,1.1055,0.5597,-0.5008,1.261,0.4271,33.3,Extreme,31,0.9032258064516129,0.003225806451612856,3.698080948141125,5.534527063219343,0.0967741935483871,0.04999999999999999,3.0,0.948830492790413,1.2147830230244603,0.09182230575391094,,
2010,lgbm,group_conditional_cp,1985-2005,2006-2007,2008-2009,11611.0,1046.0,1.1055,0.5597,-0.5008,1.261,0.4271,33.3,Moderate,33,0.9393939393939394,0.039393939393939426,3.3044297362867505,4.739388067119073,0.06060606060606061,0.04999999999999999,2.0,1.1838406229366663,2.284597075241595,0.07174791654161614,,
2010,lgbm,group_conditional_cp,1985-2005,2006-2007,2008-2009,11611.0,1046.0,1.1055,0.5597,-0.5008,1.261,0.4271,33.3,Normal,472,0.8898305084745762,-0.01016949152542379,3.128319731130326,4.305569498406755,0.11016949152542373,0.04999999999999999,52.0,0.5342902789946868,1.623525972314356,0.05886248836382144,,
2010,lgbm,standard_aci,1985-2005,2006-2007,2008-2009,11611.0,1046.0,1.1055,0.5597,-0.5008,1.261,0.4271,33.3,ALL,536,0.8955223880597015,-0.004477611940298498,3.183845773115547,4.402276379485981,0.1044776119402985,0.04999999999999999,56.0,0.5831060759058503,2.284597075241595,0.06092153031852167,,
2010,lgbm,standard_aci,1985-2005,2006-2007,2008-2009,11611.0,1046.0,1.1055,0.5597,-0.5008,1.261,0.4271,33.3,Extreme,31,0.9032258064516129,0.003225806451612856,3.698080948141125,5.534527063219343,0.0967741935483871,0.04999999999999999,3.0,0.948830492790413,1.2147830230244603,0.09182230575391094,,
2010,lgbm,standard_aci,1985-2005,2006-2007,2008-2009,11611.0,1046.0,1.1055,0.5597,-0.5008,1.261,0.4271,33.3,Moderate,33,0.9393939393939394,0.039393939393939426,3.3044297362867505,4.739388067119073,0.06060606060606061,0.04999999999999999,2.0,1.1838406229366663,2.284597075241595,0.07174791654161614,,
2010,lgbm,standard_aci,1985-2005,2006-2007,2008-2009,11611.0,1046.0,1.1055,0.5597,-0.5008,1.261,0.4271,33.3,Normal,472,0.8919491525423728,-0.008050847457627186,3.141641194279863,4.304343208113891,0.10805084745762712,0.04999999999999999,51.0,0.5380346573820204,1.6168652407395872,0.05813510069170136,,
2010,lgbm,sa_aci,1985-2005,2006-2007,2008-2009,11611.0,1046.0,1.1055,0.5597,-0.5008,1.261,0.4271,33.3,ALL,536,0.8955223880597015,-0.004477611940298498,3.195279252529557,4.403800466603674,0.1044776119402985,0.04999999999999999,56.0,0.5783637238783271,2.2600238364189043,0.06042606070370581,,
2010,lgbm,sa_aci,1985-2005,2006-2007,2008-2009,11611.0,1046.0,1.1055,0.5597,-0.5008,1.261,0.4271,33.3,Extreme,31,0.9032258064516129,0.003225806451612856,3.8332510737055103,5.530068004334752,0.0967741935483871,0.04999999999999999,3.0,0.876688747491774,1.1457972200646838,0.084840846531462,,
2010,lgbm,sa_aci,1985-2005,2006-2007,2008-2009,11611.0,1046.0,1.1055,0.5597,-0.5008,1.261,0.4271,33.3,Moderate,33,0.9393939393939394,0.039393939393939426,3.363159162753823,4.768331749558643,0.06060606060606061,0.04999999999999999,2.0,1.159267384113976,2.2600238364189043,0.07025862934024096,,
2010,lgbm,sa_aci,1985-2005,2006-2007,2008-2009,11611.0,1046.0,1.1055,0.5597,-0.5008,1.261,0.4271,33.3,Normal,472,0.8919491525423728,-0.008050847457627186,3.141641194279863,4.304343208113891,0.10805084745762712,0.04999999999999999,51.0,0.5380346573820204,1.6168652407395872,0.05813510069170136,,
2010,lgbm,_group_cp_meta,,,,,,,,,,,,ALL,536,,,,,,,,,,,"{""Extreme"": 0.709, ""Moderate"": 0.709, ""Normal"": 0.7024}","{""Extreme"": true, ""Moderate"": true, ""Normal"": false}"
2011,lgbm,rolling_static_cp,1985-2006,2007-2008,2009-2010,12134.0,1060.0,0.9886,0.6933,-0.2581,1.4374,0.3516,97.8,ALL,506,0.9051383399209486,0.005138339920948587,3.2500489284857337,4.59397150991789,0.08695652173913043,0.04999999999999999,44.0,0.7449807260462737,3.0741266039095283,0.06478093269967598,,
2011,lgbm,rolling_static_cp,1985-2006,2007-2008,2009-2010,12134.0,1060.0,0.9886,0.6933,-0.2581,1.4374,0.3516,97.8,Extreme,239,0.8451882845188284,-0.054811715481171586,3.2436418181368145,5.683483345595225,0.1506276150627615,0.04999999999999999,36.0,0.7963955559769018,3.0741266039095283,0.11995916324338272,,
2011,lgbm,rolling_static_cp,1985-2006,2007-2008,2009-2010,12134.0,1060.0,0.9886,0.6933,-0.2581,1.4374,0.3516,97.8,Moderate,87,0.9885057471264368,0.08850574712643677,3.192554399739764,3.469352303329224,0.011494252873563218,0.04999999999999999,1.0,1.2040708806141556,1.2040708806141556,0.013839895179473052,,
2011,lgbm,rolling_static_cp,1985-2006,2007-2008,2009-2010,12134.0,1060.0,0.9886,0.6933,-0.2581,1.4374,0.3516,97.8,Normal,180,0.9444444444444444,0.0444444444444444,3.2863451694540182,3.690907855730839,0.03888888888888889,0.04999999999999999,7.0,0.4149772928933458,0.8240179949173871,0.016138005834741224,,
2011,lgbm,group_conditional_cp,1985-2006,2007-2008,2009-2010,12134.0,1060.0,0.9886,0.6933,-0.2581,1.4374,0.3516,97.8,ALL,506,0.9545454545454546,0.054545454545454564,4.006264961959541,4.659300293546808,0.039525691699604744,0.04999999999999999,20.0,0.7896560383031123,2.2954769703249207,0.031211701118700082,,
2011,lgbm,group_conditional_cp,1985-2006,2007-2008,2009-2010,12134.0,1060.0,0.9886,0.6933,-0.2581,1.4374,0.3516,97.8,Extreme,239,0.9497907949790795,0.049790794979079456,4.800941085306031,5.784763730574573,0.0502092050209205,0.04999999999999999,12.0,0.9797233842465904,2.2954769703249207,0.04919113226342712,,
2011,lgbm,group_conditional_cp,1985-2006,2007-2008,2009-2010,12134.0,1060.0,0.9886,0.6933,-0.2581,1.4374,0.3516,97.8,Moderate,87,0.9885057471264368,0.08850574712643677,3.3022646032710843,3.566452138638555,0.011494252873563218,0.04999999999999999,1.0,1.1492157788484958,1.1492157788484958,0.013209376768373514,,
2011,lgbm,group_conditional_cp,1985-2006,2007-2008,2009-2010,12134.0,1060.0,0.9886,0.6933,-0.2581,1.4374,0.3516,97.8,Normal,180,0.9444444444444444,0.0444444444444444,3.2913785048822346,3.693144893698934,0.03888888888888889,0.04999999999999999,7.0,0.4124606251792378,0.8215013272032792,0.016040135423637025,,
2011,lgbm,standard_aci,1985-2006,2007-2008,2009-2010,12134.0,1060.0,0.9886,0.6933,-0.2581,1.4374,0.3516,97.8,ALL,506,0.9051383399209486,0.005138339920948587,3.2500489284857337,4.59397150991789,0.08695652173913043,0.04999999999999999,44.0,0.7449807260462737,3.0741266039095283,0.06478093269967598,,
2011,lgbm,standard_aci,1985-2006,2007-2008,2009-2010,12134.0,1060.0,0.9886,0.6933,-0.2581,1.4374,0.3516,97.8,Extreme,239,0.8451882845188284,-0.054811715481171586,3.2436418181368145,5.683483345595225,0.1506276150627615,0.04999999999999999,36.0,0.7963955559769018,3.0741266039095283,0.11995916324338272,,
2011,lgbm,standard_aci,1985-2006,2007-2008,2009-2010,12134.0,1060.0,0.9886,0.6933,-0.2581,1.4374,0.3516,97.8,Moderate,87,0.9885057471264368,0.08850574712643677,3.192554399739764,3.469352303329224,0.011494252873563218,0.04999999999999999,1.0,1.2040708806141556,1.2040708806141556,0.013839895179473052,,
2011,lgbm,standard_aci,1985-2006,2007-2008,2009-2010,12134.0,1060.0,0.9886,0.6933,-0.2581,1.4374,0.3516,97.8,Normal,180,0.9444444444444444,0.0444444444444444,3.2863451694540182,3.690907855730839,0.03888888888888889,0.04999999999999999,7.0,0.4149772928933458,0.8240179949173871,0.016138005834741224,,
2011,lgbm,sa_aci,1985-2006,2007-2008,2009-2010,12134.0,1060.0,0.9886,0.6933,-0.2581,1.4374,0.3516,97.8,ALL,506,0.9130434782608695,0.01304347826086949,3.322633892125361,4.547561341217078,0.07905138339920949,0.04999999999999999,40.0,0.7454197177503942,2.945831915266959,0.05892645990121693,,
2011,lgbm,sa_aci,1985-2006,2007-2008,2009-2010,12134.0,1060.0,0.9886,0.6933,-0.2581,1.4374,0.3516,97.8,Extreme,239,0.8619246861924686,-0.038075313807531375,3.3735106052395145,5.564618369975068,0.13389121338912133,0.04999999999999999,32.0,0.8045651613382244,2.945831915266959,0.10772420570218905,,
2011,lgbm,sa_aci,1985-2006,2007-2008,2009-2010,12134.0,1060.0,0.9886,0.6933,-0.2581,1.4374,0.3516,97.8,Moderate,87,0.9885057471264368,0.08850574712643677,3.257949244384661,3.525963611497113,0.011494252873563218,0.04999999999999999,1.0,1.165862496939166,1.165862496939166,0.013400718355622598,,
2011,lgbm,sa_aci,1985-2006,2007-2008,2009-2010,12134.0,1060.0,0.9886,0.6933,-0.2581,1.4374,0.3516,97.8,Normal,180,0.9444444444444444,0.0444444444444444,3.2863451694540182,3.690907855730839,0.03888888888888889,0.04999999999999999,7.0,0.4149772928933458,0.8240179949173871,0.016138005834741224,,
2011,lgbm,_group_cp_meta,,,,,,,,,,,,ALL,506,,,,,,,,,,,"{""Extreme"": 1.4742, ""Moderate"": 0.7504, ""Normal"": 0.6981}","{""Extreme"": false, ""Moderate"": false, ""Normal"": false}"
2012,lgbm,rolling_static_cp,1985-2007,2008-2009,2010-2011,12663.0,1042.0,2.0032,0.406,-1.0868,3.8468,-1.1904,60.5,ALL,510,0.6392156862745098,-0.26078431372549027,4.294195629335131,12.906369381806332,0.34901960784313724,0.04999999999999999,178.0,1.219587662836582,3.5460369223166124,0.42566000781355207,,
2012,lgbm,rolling_static_cp,1985-2007,2008-2009,2010-2011,12663.0,1042.0,2.0032,0.406,-1.0868,3.8468,-1.1904,60.5,Extreme,448,0.5982142857142857,-0.3017857142857143,4.30985237818397,14.04786863162761,0.39732142857142855,0.04999999999999999,178.0,1.219587662836582,3.5460369223166124,0.48456831246632043,,
2012,lgbm,rolling_static_cp,1985-2007,2008-2009,2010-2011,12663.0,1042.0,2.0032,0.406,-1.0868,3.8468,-1.1904,60.5,Moderate,25,0.92,0.020000000000000018,3.962821265892263,4.372976207558296,0.0,0.04999999999999999,0.0,0.0,0.0,0.0,,
2012,lgbm,rolling_static_cp,1985-2007,2008-2009,2010-2011,12663.0,1042.0,2.0032,0.406,-1.0868,3.8468,-1.1904,60.5,Normal,37,0.9459459459459459,0.04594594594594592,4.328523618572755,4.85077925846225,0.0,0.04999999999999999,0.0,0.0,0.0,0.0,,
2012,lgbm,group_conditional_cp,1985-2007,2008-2009,2010-2011,12663.0,1042.0,2.0032,0.406,-1.0868,3.8468,-1.1904,60.5,ALL,510,0.6725490196078432,-0.22745098039215683,4.630712160035446,11.908202891762182,0.307843137254902,0.04999999999999999,157.0,1.1569850880073278,3.3354101721112492,0.3561699192493146,,
2012,lgbm,group_conditional_cp,1985-2007,2008-2009,2010-2011,12663.0,1042.0,2.0032,0.406,-1.0868,3.8468,-1.1904,60.5,Extreme,448,0.6450892857142857,-0.2549107142857143,4.731105878594697,12.868175762923524,0.35044642857142855,0.04999999999999999,157.0,1.1569850880073278,3.3354101721112492,0.40546129200256803,,
2012,lgbm,group_conditional_cp,1985-2007,2008-2009,2010-2011,12663.0,1042.0,2.0032,0.406,-1.0868,3.8468,-1.1904,60.5,Moderate,25,0.76,-0.14,3.2110302611914174,5.119294570222378,0.0,0.04999999999999999,0.0,0.0,0.0,0.0,,
2012,lgbm,group_conditional_cp,1985-2007,2008-2009,2010-2011,12663.0,1042.0,2.0032,0.406,-1.0868,3.8468,-1.1904,60.5,Normal,37,0.9459459459459459,0.04594594594594592,4.3743786885910145,4.871847804146315,0.0,0.04999999999999999,0.0,0.0,0.0,0.0,,
2012,lgbm,standard_aci,1985-2007,2008-2009,2010-2011,12663.0,1042.0,2.0032,0.406,-1.0868,3.8468,-1.1904,60.5,ALL,510,0.6392156862745098,-0.26078431372549027,4.294195629335131,12.906369381806332,0.34901960784313724,0.04999999999999999,178.0,1.219587662836582,3.5460369223166124,0.42566000781355207,,
2012,lgbm,standard_aci,1985-2007,2008-2009,2010-2011,12663.0,1042.0,2.0032,0.406,-1.0868,3.8468,-1.1904,60.5,Extreme,448,0.5982142857142857,-0.3017857142857143,4.30985237818397,14.04786863162761,0.39732142857142855,0.04999999999999999,178.0,1.219587662836582,3.5460369223166124,0.48456831246632043,,
2012,lgbm,standard_aci,1985-2007,2008-2009,2010-2011,12663.0,1042.0,2.0032,0.406,-1.0868,3.8468,-1.1904,60.5,Moderate,25,0.92,0.020000000000000018,3.962821265892263,4.372976207558296,0.0,0.04999999999999999,0.0,0.0,0.0,0.0,,
2012,lgbm,standard_aci,1985-2007,2008-2009,2010-2011,12663.0,1042.0,2.0032,0.406,-1.0868,3.8468,-1.1904,60.5,Normal,37,0.9459459459459459,0.04594594594594592,4.328523618572755,4.85077925846225,0.0,0.04999999999999999,0.0,0.0,0.0,0.0,,
2012,lgbm,sa_aci,1985-2007,2008-2009,2010-2011,12663.0,1042.0,2.0032,0.406,-1.0868,3.8468,-1.1904,60.5,ALL,510,0.6509803921568628,-0.24901960784313726,4.413671547626077,12.439687473194022,0.3352941176470588,0.04999999999999999,171.0,1.182353677503858,3.4624954830810006,0.39643623304541115,,
2012,lgbm,sa_aci,1985-2007,2008-2009,2010-2011,12663.0,1042.0,2.0032,0.406,-1.0868,3.8468,-1.1904,60.5,Extreme,448,0.6138392857142857,-0.2861607142857143,4.450804935014843,13.517655848571886,0.38169642857142855,0.04999999999999999,171.0,1.182353677503858,3.4624954830810006,0.4513001760115172,,
2012,lgbm,sa_aci,1985-2007,2008-2009,2010-2011,12663.0,1042.0,2.0032,0.406,-1.0868,3.8468,-1.1904,60.5,Moderate,25,0.92,0.020000000000000018,3.967102738935172,4.385585337489469,0.0,0.04999999999999999,0.0,0.0,0.0,0.0,,
2012,lgbm,sa_aci,1985-2007,2008-2009,2010-2011,12663.0,1042.0,2.0032,0.406,-1.0868,3.8468,-1.1904,60.5,Normal,37,0.918918918918919,0.018918918918918948,4.265792160250537,4.829490749500283,0.0,0.04999999999999999,0.0,0.0,0.0,0.0,,
2012,lgbm,_group_cp_meta,,,,,,,,,,,,ALL,510,,,,,,,,,,,"{""Extreme"": 0.9968, ""Moderate"": 0.4103, ""Normal"": 0.8091}","{""Extreme"": false, ""Moderate"": false, ""Normal"": false}"
2013,lgbm,rolling_static_cp,1985-2008,2009-2010,2011-2012,13185.0,1016.0,0.9413,0.618,0.2748,1.0573,0.518,65.1,ALL,490,0.9938775510204082,0.09387755102040818,5.577595854607594,5.606415917648987,0.006122448979591836,0.04999999999999999,3.0,0.23536384817137682,0.5171764454461751,0.0014410031520696541,,
2013,lgbm,rolling_static_cp,1985-2008,2009-2010,2011-2012,13185.0,1016.0,0.9413,0.618,0.2748,1.0573,0.518,65.1,Extreme,138,0.9855072463768116,0.08550724637681162,5.7180018525316,5.817709795437187,0.014492753623188406,0.04999999999999999,2.0,0.34399240302427536,0.5171764454461751,0.004985397145279353,,
2013,lgbm,rolling_static_cp,1985-2008,2009-2010,2011-2012,13185.0,1016.0,0.9413,0.618,0.2748,1.0573,0.518,65.1,Moderate,153,1.0,0.09999999999999998,5.377557219338077,5.377557219338077,0.0,0.04999999999999999,0.0,0.0,0.0,0.0,,
2013,lgbm,rolling_static_cp,1985-2008,2009-2010,2011-2012,13185.0,1016.0,0.9413,0.618,0.2748,1.0573,0.518,65.1,Normal,199,0.9949748743718593,0.09497487437185925,5.634027429897663,5.6358472026077715,0.005025125628140704,0.04999999999999999,1.0,0.018106738465579753,0.018106738465579753,9.098863550542589e-05,,
2013,lgbm,group_conditional_cp,1985-2008,2009-2010,2011-2012,13185.0,1016.0,0.9413,0.618,0.2748,1.0573,0.518,65.1,ALL,490,0.9204081632653062,0.020408163265306145,3.910007095871898,4.481234569244047,0.0326530612244898,0.04999999999999999,16.0,0.4403954874471095,1.4616082893543059,0.014380260814599494,,
2013,lgbm,group_conditional_cp,1985-2008,2009-2010,2011-2012,13185.0,1016.0,0.9413,0.618,0.2748,1.0573,0.518,65.1,Extreme,138,0.9927536231884058,0.09275362318840574,6.641281843103236,6.649330603996042,0.007246376811594203,0.04999999999999999,1.0,0.05553645016035702,0.05553645016035702,0.0004024380446402683,,
2013,lgbm,group_conditional_cp,1985-2008,2009-2010,2011-2012,13185.0,1016.0,0.9413,0.618,0.2748,1.0573,0.518,65.1,Moderate,153,0.9673202614379085,0.06732026143790848,2.959142100216089,3.222823398581437,0.0196078431372549,0.04999999999999999,3.0,0.4283595615375164,1.1831601129802234,0.008399207088970911,,
2013,lgbm,group_conditional_cp,1985-2008,2009-2010,2011-2012,13185.0,1016.0,0.9413,0.618,0.2748,1.0573,0.518,65.1,Normal,199,0.8341708542713567,-0.06582914572864329,2.7470243281202102,3.9452529426892915,0.06030150753768844,0.04999999999999999,12.0,0.4754760553650705,1.4616082893543059,0.028671922936587164,,
2013,lgbm,standard_aci,1985-2008,2009-2010,2011-2012,13185.0,1016.0,0.9413,0.618,0.2748,1.0573,0.518,65.1,ALL,490,0.9938775510204082,0.09387755102040818,5.577595854607594,5.606415917648987,0.006122448979591836,0.04999999999999999,3.0,0.23536384817137682,0.5171764454461751,0.0014410031520696541,,
2013,lgbm,standard_aci,1985-2008,2009-2010,2011-2012,13185.0,1016.0,0.9413,0.618,0.2748,1.0573,0.518,65.1,Extreme,138,0.9855072463768116,0.08550724637681162,5.7180018525316,5.817709795437187,0.014492753623188406,0.04999999999999999,2.0,0.34399240302427536,0.5171764454461751,0.004985397145279353,,
2013,lgbm,standard_aci,1985-2008,2009-2010,2011-2012,13185.0,1016.0,0.9413,0.618,0.2748,1.0573,0.518,65.1,Moderate,153,1.0,0.09999999999999998,5.377557219338077,5.377557219338077,0.0,0.04999999999999999,0.0,0.0,0.0,0.0,,
2013,lgbm,standard_aci,1985-2008,2009-2010,2011-2012,13185.0,1016.0,0.9413,0.618,0.2748,1.0573,0.518,65.1,Normal,199,0.9949748743718593,0.09497487437185925,5.634027429897663,5.6358472026077715,0.005025125628140704,0.04999999999999999,1.0,0.018106738465579753,0.018106738465579753,9.098863550542589e-05,,
2013,lgbm,sa_aci,1985-2008,2009-2010,2011-2012,13185.0,1016.0,0.9413,0.618,0.2748,1.0573,0.518,65.1,ALL,490,0.9918367346938776,0.09183673469387754,5.22885458849212,5.281525765923537,0.00816326530612245,0.04999999999999999,4.0,0.3226109617674262,0.6226098123123975,0.002633558871570826,,
2013,lgbm,sa_aci,1985-2008,2009-2010,2011-2012,13185.0,1016.0,0.9413,0.618,0.2748,1.0573,0.518,65.1,Extreme,138,0.9855072463768116,0.08550724637681162,5.5307310445155755,5.663603028805708,0.014492753623188406,0.04999999999999999,2.0,0.458408345800958,0.6226098123123975,0.006643599214506638,,
2013,lgbm,sa_aci,1985-2008,2009-2010,2011-2012,13185.0,1016.0,0.9413,0.618,0.2748,1.0573,0.518,65.1,Moderate,153,0.9934640522875817,0.0934640522875817,5.040912964491326,5.05666619077571,0.006535947712418301,0.04999999999999999,1.0,0.12051218107552941,0.12051218107552941,0.0007876613142191465,,
2013,lgbm,sa_aci,1985-2008,2009-2010,2011-2012,13185.0,1016.0,0.9413,0.618,0.2748,1.0573,0.518,65.1,Normal,199,0.9949748743718593,0.09497487437185925,5.164010958044304,5.189449648937997,0.005025125628140704,0.04999999999999999,1.0,0.2531149743922594,0.2531149743922594,0.0012719345446847205,,
2013,lgbm,_group_cp_meta,,,,,,,,,,,,ALL,490,,,,,,,,,,,"{""Extreme"": 2.3068, ""Moderate"": 0.636, ""Normal"": 0.4017}","{""Extreme"": false, ""Moderate"": false, ""Normal"": false}"
2014,lgbm,rolling_static_cp,1985-2009,2010-2011,2012-2013,13709.0,1000.0,0.9758,0.5566,0.2717,1.2979,0.2155,33.6,ALL,500,0.996,0.09599999999999997,6.113784210551781,6.123961687080966,0.004,0.04999999999999999,2.0,0.12721845661481268,0.17184656660142927,0.0005088738264592507,,
2014,lgbm,rolling_static_cp,1985-2009,2010-2011,2012-2013,13709.0,1000.0,0.9758,0.5566,0.2717,1.2979,0.2155,33.6,Extreme,18,1.0,0.09999999999999998,6.908940155193726,6.908940155193726,0.0,0.04999999999999999,0.0,0.0,0.0,0.0,,
2014,lgbm,rolling_static_cp,1985-2009,2010-2011,2012-2013,13709.0,1000.0,0.9758,0.5566,0.2717,1.2979,0.2155,33.6,Moderate,18,1.0,0.09999999999999998,6.440663848498074,6.440663848498074,0.0,0.04999999999999999,0.0,0.0,0.0,0.0,,
2014,lgbm,rolling_static_cp,1985-2009,2010-2011,2012-2013,13709.0,1000.0,0.9758,0.5566,0.2717,1.2979,0.2155,33.6,Normal,464,0.9956896551724138,0.09568965517241379,6.07025696812379,6.081224076452653,0.004310344827586207,0.04999999999999999,2.0,0.12721845661481268,0.17184656660142927,0.0005483554164431581,,
2014,lgbm,group_conditional_cp,1985-2009,2010-2011,2012-2013,13709.0,1000.0,0.9758,0.5566,0.2717,1.2979,0.2155,33.6,ALL,500,0.878,-0.02200000000000002,3.425585158617912,4.244618047208454,0.038,0.04999999999999999,19.0,0.5320318715089863,1.5843469228022595,0.020217211117341483,,
2014,lgbm,group_conditional_cp,1985-2009,2010-2011,2012-2013,13709.0,1000.0,0.9758,0.5566,0.2717,1.2979,0.2155,33.6,Extreme,18,1.0,0.09999999999999998,8.19089579423568,8.19089579423568,0.0,0.04999999999999999,0.0,0.0,0.0,0.0,,
2014,lgbm,group_conditional_cp,1985-2009,2010-2011,2012-2013,13709.0,1000.0,0.9758,0.5566,0.2717,1.2979,0.2155,33.6,Moderate,18,0.6111111111111112,-0.28888888888888886,3.3087529087581222,6.239960025829136,0.0,0.04999999999999999,0.0,0.0,0.0,0.0,,
2014,lgbm,group_conditional_cp,1985-2009,2010-2011,2012-2013,13709.0,1000.0,0.9758,0.5566,0.2717,1.2979,0.2155,33.6,Normal,464,0.8836206896551724,-0.016379310344827647,3.2452562557221287,4.0141241785410795,0.040948275862068964,0.04999999999999999,19.0,0.5320318715089863,1.5843469228022595,0.0217857878419628,,
2014,lgbm,standard_aci,1985-2009,2010-2011,2012-2013,13709.0,1000.0,0.9758,0.5566,0.2717,1.2979,0.2155,33.6,ALL,500,0.996,0.09599999999999997,6.113784210551781,6.123961687080966,0.004,0.04999999999999999,2.0,0.12721845661481268,0.17184656660142927,0.0005088738264592507,,
2014,lgbm,standard_aci,1985-2009,2010-2011,2012-2013,13709.0,1000.0,0.9758,0.5566,0.2717,1.2979,0.2155,33.6,Extreme,18,1.0,0.09999999999999998,6.908940155193726,6.908940155193726,0.0,0.04999999999999999,0.0,0.0,0.0,0.0,,
2014,lgbm,standard_aci,1985-2009,2010-2011,2012-2013,13709.0,1000.0,0.9758,0.5566,0.2717,1.2979,0.2155,33.6,Moderate,18,1.0,0.09999999999999998,6.440663848498074,6.440663848498074,0.0,0.04999999999999999,0.0,0.0,0.0,0.0,,
2014,lgbm,standard_aci,1985-2009,2010-2011,2012-2013,13709.0,1000.0,0.9758,0.5566,0.2717,1.2979,0.2155,33.6,Normal,464,0.9956896551724138,0.09568965517241379,6.07025696812379,6.081224076452653,0.004310344827586207,0.04999999999999999,2.0,0.12721845661481268,0.17184656660142927,0.0005483554164431581,,
2014,lgbm,sa_aci,1985-2009,2010-2011,2012-2013,13709.0,1000.0,0.9758,0.5566,0.2717,1.2979,0.2155,33.6,ALL,500,0.994,0.09399999999999997,5.636472486455552,5.673536492151887,0.006,0.04999999999999999,3.0,0.30886671413612987,0.4190348321355568,0.0018532002848167793,,
2014,lgbm,sa_aci,1985-2009,2010-2011,2012-2013,13709.0,1000.0,0.9758,0.5566,0.2717,1.2979,0.2155,33.6,Extreme,18,1.0,0.09999999999999998,6.749846463550313,6.749846463550313,0.0,0.04999999999999999,0.0,0.0,0.0,0.0,,
2014,lgbm,sa_aci,1985-2009,2010-2011,2012-2013,13709.0,1000.0,0.9758,0.5566,0.2717,1.2979,0.2155,33.6,Moderate,18,1.0,0.09999999999999998,6.085026893894569,6.085026893894569,0.0,0.04999999999999999,0.0,0.0,0.0,0.0,,
2014,lgbm,sa_aci,1985-2009,2010-2011,2012-2013,13709.0,1000.0,0.9758,0.5566,0.2717,1.2979,0.2155,33.6,Normal,464,0.9935344827586207,0.09353448275862064,5.575880437055534,5.615820098366241,0.00646551724137931,0.04999999999999999,3.0,0.30886671413612987,0.4190348321355568,0.0019969830655353223,,
2014,lgbm,_group_cp_meta,,,,,,,,,,,,ALL,500,,,,,,,,,,,"{""Extreme"": 2.61, ""Moderate"": 0.403, ""Normal"": 0.5565}","{""Extreme"": false, ""Moderate"": false, ""Normal"": false}"
2015,lgbm,rolling_static_cp,1985-2010,2011-2012,2013-2014,14245.0,990.0,1.3302,0.4203,-0.522,1.3457,0.4067,33.5,ALL,478,0.799163179916318,-0.100836820083682,3.1028324834447827,6.890056278399607,0.19456066945606695,0.04999999999999999,93.0,0.9701470201370804,3.525248341240143,0.1887524537086788,,
2015,lgbm,rolling_static_cp,1985-2010,2011-2012,2013-2014,14245.0,990.0,1.3302,0.4203,-0.522,1.3457,0.4067,33.5,Moderate,1,1.0,0.09999999999999998,3.6030526945558616,3.6030526945558616,0.0,0.04999999999999999,0.0,0.0,0.0,0.0,,
2015,lgbm,rolling_static_cp,1985-2010,2011-2012,2013-2014,14245.0,990.0,1.3302,0.4203,-0.522,1.3457,0.4067,33.5,Normal,477,0.7987421383647799,-0.1012578616352201,3.101783803756919,6.896947271237854,0.1949685534591195,0.04999999999999999,93.0,0.9701470201370804,3.525248341240143,0.18914816115880181,,
2015,lgbm,group_conditional_cp,1985-2010,2011-2012,2013-2014,14245.0,990.0,1.3302,0.4203,-0.522,1.3457,0.4067,33.5,ALL,478,0.799163179916318,-0.100836820083682,3.095634428782652,6.8965496168507245,0.19456066945606695,0.04999999999999999,93.0,0.9735556065475666,3.52865692765063,0.18941563056260183,,
2015,lgbm,group_conditional_cp,1985-2010,2011-2012,2013-2014,14245.0,990.0,1.3302,0.4203,-0.522,1.3457,0.4067,33.5,Moderate,1,1.0,0.09999999999999998,3.4141740016606885,3.4141740016606885,0.0,0.04999999999999999,0.0,0.0,0.0,0.0,,
2015,lgbm,group_conditional_cp,1985-2010,2011-2012,2013-2014,14245.0,990.0,1.3302,0.4203,-0.522,1.3457,0.4067,33.5,Normal,477,0.7987421383647799,-0.1012578616352201,3.0949666309359474,6.903850194660348,0.1949685534591195,0.04999999999999999,93.0,0.9735556065475666,3.52865692765063,0.18981272832059468,,
2015,lgbm,standard_aci,1985-2010,2011-2012,2013-2014,14245.0,990.0,1.3302,0.4203,-0.522,1.3457,0.4067,33.5,ALL,478,0.799163179916318,-0.100836820083682,3.1028324834447827,6.890056278399607,0.19456066945606695,0.04999999999999999,93.0,0.9701470201370804,3.525248341240143,0.1887524537086788,,
2015,lgbm,standard_aci,1985-2010,2011-2012,2013-2014,14245.0,990.0,1.3302,0.4203,-0.522,1.3457,0.4067,33.5,Moderate,1,1.0,0.09999999999999998,3.6030526945558616,3.6030526945558616,0.0,0.04999999999999999,0.0,0.0,0.0,0.0,,
2015,lgbm,standard_aci,1985-2010,2011-2012,2013-2014,14245.0,990.0,1.3302,0.4203,-0.522,1.3457,0.4067,33.5,Normal,477,0.7987421383647799,-0.1012578616352201,3.101783803756919,6.896947271237854,0.1949685534591195,0.04999999999999999,93.0,0.9701470201370804,3.525248341240143,0.18914816115880181,,
2015,lgbm,sa_aci,1985-2010,2011-2012,2013-2014,14245.0,990.0,1.3302,0.4203,-0.522,1.3457,0.4067,33.5,ALL,478,0.799163179916318,-0.100836820083682,3.0734515322563176,6.919844752682777,0.19456066945606695,0.04999999999999999,93.0,0.9848777416867897,3.539979062789852,0.19161847275496113,,
2015,lgbm,sa_aci,1985-2010,2011-2012,2013-2014,14245.0,990.0,1.3302,0.4203,-0.522,1.3457,0.4067,33.5,Moderate,1,1.0,0.09999999999999998,3.61206638489198,3.61206638489198,0.0,0.04999999999999999,0.0,0.0,0.0,0.0,,
2015,lgbm,sa_aci,1985-2010,2011-2012,2013-2014,14245.0,990.0,1.3302,0.4203,-0.522,1.3457,0.4067,33.5,Normal,477,0.7987421383647799,-0.1012578616352201,3.0723223606575,6.926779298527201,0.1949685534591195,0.04999999999999999,93.0,0.9848777416867897,3.539979062789852,0.1920201886307577,,
2015,lgbm,_group_cp_meta,,,,,,,,,,,,ALL,478,,,,,,,,,,,"{""Moderate"": 0.4754, ""Normal"": 0.5664}","{""Moderate"": false, ""Normal"": false}"
2016,lgbm,rolling_static_cp,1985-2011,2012-2013,2014-2015,14751.0,978.0,0.8627,0.7394,0.2794,1.3052,0.4035,44.6,ALL,489,0.9693251533742331,0.06932515337423306,3.8444038423799305,3.995788144153163,0.016359918200409,0.04999999999999999,8.0,0.2936441811392816,0.5859092106541528,0.0048039947834647295,,
2016,lgbm,rolling_static_cp,1985-2011,2012-2013,2014-2015,14751.0,978.0,0.8627,0.7394,0.2794,1.3052,0.4035,44.6,Extreme,8,1.0,0.09999999999999998,3.910877139933214,3.910877139933214,0.0,0.04999999999999999,0.0,0.0,0.0,0.0,,
2016,lgbm,rolling_static_cp,1985-2011,2012-2013,2014-2015,14751.0,978.0,0.8627,0.7394,0.2794,1.3052,0.4035,44.6,Moderate,62,1.0,0.09999999999999998,3.8812322200537115,3.8812322200537115,0.0,0.04999999999999999,0.0,0.0,0.0,0.0,,
2016,lgbm,rolling_static_cp,1985-2011,2012-2013,2014-2015,14751.0,978.0,0.8627,0.7394,0.2794,1.3052,0.4035,44.6,Normal,419,0.964200477326969,0.06420047732696899,3.837685117329332,4.014360352573033,0.01909307875894988,0.04999999999999999,8.0,0.2936441811392816,0.5859092106541528,0.0056065714775996485,,
2016,lgbm,group_conditional_cp,1985-2011,2012-2013,2014-2015,14751.0,978.0,0.8627,0.7394,0.2794,1.3052,0.4035,44.6,ALL,489,0.9652351738241309,0.06523517382413091,3.813352100485134,3.976957841066339,0.018404907975460124,0.04999999999999999,9.0,0.278729932305452,0.6040289025235506,0.005129998754088074,,
2016,lgbm,group_conditional_cp,1985-2011,2012-2013,2014-2015,14751.0,978.0,0.8627,0.7394,0.2794,1.3052,0.4035,44.6,Extreme,8,1.0,0.09999999999999998,3.910877139933214,3.910877139933214,0.0,0.04999999999999999,0.0,0.0,0.0,0.0,,
2016,lgbm,group_conditional_cp,1985-2011,2012-2013,2014-2015,14751.0,978.0,0.8627,0.7394,0.2794,1.3052,0.4035,44.6,Moderate,62,1.0,0.09999999999999998,3.8812322200537115,3.8812322200537115,0.0,0.04999999999999999,0.0,0.0,0.0,0.0,,
2016,lgbm,group_conditional_cp,1985-2011,2012-2013,2014-2015,14751.0,978.0,0.8627,0.7394,0.2794,1.3052,0.4035,44.6,Normal,419,0.9594272076372315,0.05942720763723153,3.801445733590537,3.992384175462157,0.021479713603818614,0.04999999999999999,9.0,0.278729932305452,0.6040289025235506,0.00598703911873286,,
2016,lgbm,standard_aci,1985-2011,2012-2013,2014-2015,14751.0,978.0,0.8627,0.7394,0.2794,1.3052,0.4035,44.6,ALL,489,0.9693251533742331,0.06932515337423306,3.8444038423799305,3.995788144153163,0.016359918200409,0.04999999999999999,8.0,0.2936441811392816,0.5859092106541528,0.0048039947834647295,,
2016,lgbm,standard_aci,1985-2011,2012-2013,2014-2015,14751.0,978.0,0.8627,0.7394,0.2794,1.3052,0.4035,44.6,Extreme,8,1.0,0.09999999999999998,3.910877139933214,3.910877139933214,0.0,0.04999999999999999,0.0,0.0,0.0,0.0,,
2016,lgbm,standard_aci,1985-2011,2012-2013,2014-2015,14751.0,978.0,0.8627,0.7394,0.2794,1.3052,0.4035,44.6,Moderate,62,1.0,0.09999999999999998,3.8812322200537115,3.8812322200537115,0.0,0.04999999999999999,0.0,0.0,0.0,0.0,,
2016,lgbm,standard_aci,1985-2011,2012-2013,2014-2015,14751.0,978.0,0.8627,0.7394,0.2794,1.3052,0.4035,44.6,Normal,419,0.964200477326969,0.06420047732696899,3.837685117329332,4.014360352573033,0.01909307875894988,0.04999999999999999,8.0,0.2936441811392816,0.5859092106541528,0.0056065714775996485,,
2016,lgbm,sa_aci,1985-2011,2012-2013,2014-2015,14751.0,978.0,0.8627,0.7394,0.2794,1.3052,0.4035,44.6,ALL,489,0.9652351738241309,0.06523517382413091,3.818673800304967,3.982281567453683,0.018404907975460124,0.04999999999999999,9.0,0.2787328469863741,0.6040318172044721,0.005130052398522223,,
2016,lgbm,sa_aci,1985-2011,2012-2013,2014-2015,14751.0,978.0,0.8627,0.7394,0.2794,1.3052,0.4035,44.6,Extreme,8,1.0,0.09999999999999998,3.9970052748760634,3.9970052748760634,0.0,0.04999999999999999,0.0,0.0,0.0,0.0,,
2016,lgbm,sa_aci,1985-2011,2012-2013,2014-2015,14751.0,978.0,0.8627,0.7394,0.2794,1.3052,0.4035,44.6,Moderate,62,1.0,0.09999999999999998,3.9121310690047992,3.9121310690047992,0.0,0.04999999999999999,0.0,0.0,0.0,0.0,,
2016,lgbm,sa_aci,1985-2011,2012-2013,2014-2015,14751.0,978.0,0.8627,0.7394,0.2794,1.3052,0.4035,44.6,Normal,419,0.9594272076372315,0.05942720763723153,3.8014399042286935,3.992380711235191,0.021479713603818614,0.04999999999999999,9.0,0.2787328469863741,0.6040318172044721,0.005987101725244313,,
2016,lgbm,_group_cp_meta,,,,,,,,,,,,ALL,489,,,,,,,,,,,"{""Extreme"": 0.8667, ""Moderate"": 0.8667, ""Normal"": 0.8486}","{""Extreme"": true, ""Moderate"": true, ""Normal"": false}"
2017,lgbm,rolling_static_cp,1985-2012,2013-2014,2015-2016,15261.0,967.0,1.155,0.4569,0.8574,1.5866,-0.025,38.7,ALL,504,0.8690476190476191,-0.030952380952380953,3.5126496770128286,4.529859598038663,0.001984126984126984,0.04999999999999999,1.0,0.08316127937769924,0.08316127937769924,0.00016500253844781596,,
2017,lgbm,rolling_static_cp,1985-2012,2013-2014,2015-2016,15261.0,967.0,1.155,0.4569,0.8574,1.5866,-0.025,38.7,Extreme,21,0.7619047619047619,-0.13809523809523816,3.530142612391613,5.488824696273674,0.0,0.04999999999999999,0.0,0.0,0.0,0.0,,
2017,lgbm,rolling_static_cp,1985-2012,2013-2014,2015-2016,15261.0,967.0,1.155,0.4569,0.8574,1.5866,-0.025,38.7,Moderate,34,0.8235294117647058,-0.07647058823529418,3.7472328298005517,5.0479515943967606,0.0,0.04999999999999999,0.0,0.0,0.0,0.0,,
2017,lgbm,rolling_static_cp,1985-2012,2013-2014,2015-2016,15261.0,967.0,1.155,0.4569,0.8574,1.5866,-0.025,38.7,Normal,449,0.8775055679287305,-0.022494432071269554,3.494067986951053,4.445776313096323,0.0022271714922048997,0.04999999999999999,1.0,0.08316127937769924,0.08316127937769924,0.00018521443068529898,,
2017,lgbm,group_conditional_cp,1985-2012,2013-2014,2015-2016,15261.0,967.0,1.155,0.4569,0.8574,1.5866,-0.025,38.7,ALL,504,0.875,-0.025000000000000022,3.5578667351694158,4.532201765242148,0.001984126984126984,0.04999999999999999,1.0,0.04757803382369463,0.04757803382369463,9.440086076129887e-05,,
2017,lgbm,group_conditional_cp,1985-2012,2013-2014,2015-2016,15261.0,967.0,1.155,0.4569,0.8574,1.5866,-0.025,38.7,Extreme,21,0.7619047619047619,-0.13809523809523816,3.530142612391613,5.488824696273674,0.0,0.04999999999999999,0.0,0.0,0.0,0.0,,
2017,lgbm,group_conditional_cp,1985-2012,2013-2014,2015-2016,15261.0,967.0,1.155,0.4569,0.8574,1.5866,-0.025,38.7,Moderate,34,0.7941176470588235,-0.10588235294117654,3.4776929122541937,5.262793492613037,0.0,0.04999999999999999,0.0,0.0,0.0,0.0,,
2017,lgbm,group_conditional_cp,1985-2012,2013-2014,2015-2016,15261.0,967.0,1.155,0.4569,0.8574,1.5866,-0.025,38.7,Normal,449,0.8864142538975501,-0.013585746102449892,3.5652344780590624,4.432136731205907,0.0022271714922048997,0.04999999999999999,1.0,0.04757803382369463,0.04757803382369463,0.00010596444058729316,,
2017,lgbm,standard_aci,1985-2012,2013-2014,2015-2016,15261.0,967.0,1.155,0.4569,0.8574,1.5866,-0.025,38.7,ALL,504,0.8690476190476191,-0.030952380952380953,3.5126496770128286,4.529859598038663,0.001984126984126984,0.04999999999999999,1.0,0.08316127937769924,0.08316127937769924,0.00016500253844781596,,
2017,lgbm,standard_aci,1985-2012,2013-2014,2015-2016,15261.0,967.0,1.155,0.4569,0.8574,1.5866,-0.025,38.7,Extreme,21,0.7619047619047619,-0.13809523809523816,3.530142612391613,5.488824696273674,0.0,0.04999999999999999,0.0,0.0,0.0,0.0,,
2017,lgbm,standard_aci,1985-2012,2013-2014,2015-2016,15261.0,967.0,1.155,0.4569,0.8574,1.5866,-0.025,38.7,Moderate,34,0.8235294117647058,-0.07647058823529418,3.7472328298005517,5.0479515943967606,0.0,0.04999999999999999,0.0,0.0,0.0,0.0,,
2017,lgbm,standard_aci,1985-2012,2013-2014,2015-2016,15261.0,967.0,1.155,0.4569,0.8574,1.5866,-0.025,38.7,Normal,449,0.8775055679287305,-0.022494432071269554,3.494067986951053,4.445776313096323,0.0022271714922048997,0.04999999999999999,1.0,0.08316127937769924,0.08316127937769924,0.00018521443068529898,,
2017,lgbm,sa_aci,1985-2012,2013-2014,2015-2016,15261.0,967.0,1.155,0.4569,0.8574,1.5866,-0.025,38.7,ALL,504,0.8611111111111112,-0.03888888888888886,3.5057641921081504,4.5269912388181295,0.001984126984126984,0.04999999999999999,1.0,0.09153614628964846,0.09153614628964846,0.00018161933787628662,,
2017,lgbm,sa_aci,1985-2012,2013-2014,2015-2016,15261.0,967.0,1.155,0.4569,0.8574,1.5866,-0.025,38.7,Extreme,21,0.7619047619047619,-0.13809523809523816,3.636977613463844,5.357761868632493,0.0,0.04999999999999999,0.0,0.0,0.0,0.0,,
2017,lgbm,sa_aci,1985-2012,2013-2014,2015-2016,15261.0,967.0,1.155,0.4569,0.8574,1.5866,-0.025,38.7,Moderate,34,0.8235294117647058,-0.07647058823529418,3.800374331931579,5.024508107075821,0.0,0.04999999999999999,0.0,0.0,0.0,0.0,,
2017,lgbm,sa_aci,1985-2012,2013-2014,2015-2016,15261.0,967.0,1.155,0.4569,0.8574,1.5866,-0.025,38.7,Normal,449,0.8685968819599109,-0.031403118040089106,3.4773182531271565,4.450461713769436,0.0022271714922048997,0.04999999999999999,1.0,0.09153614628964846,0.09153614628964846,0.00020386669552260235,,
2017,lgbm,_group_cp_meta,,,,,,,,,,,,ALL,504,,,,,,,,,,,"{""Extreme"": 0.799, ""Moderate"": 0.6643, ""Normal"": 0.8346}","{""Extreme"": true, ""Moderate"": false, ""Normal"": false}"
2018,lgbm,rolling_static_cp,1985-2013,2014-2015,2016-2017,15751.0,993.0,1.2284,0.5705,0.6719,1.6752,0.2011,59.5,ALL,440,0.7840909090909091,-0.11590909090909096,3.4248663260864585,5.735076865919291,0.01818181818181818,0.04999999999999999,8.0,0.7962600326221448,1.5071758172675072,0.014477455138584451,,
2018,lgbm,rolling_static_cp,1985-2013,2014-2015,2016-2017,15751.0,993.0,1.2284,0.5705,0.6719,1.6752,0.2011,59.5,Extreme,28,0.8214285714285714,-0.07857142857142863,4.126373372683887,5.936171069682067,0.10714285714285714,0.04999999999999999,3.0,0.706711107810109,0.8102100029631023,0.07571904726536882,,
2018,lgbm,rolling_static_cp,1985-2013,2014-2015,2016-2017,15751.0,993.0,1.2284,0.5705,0.6719,1.6752,0.2011,59.5,Moderate,80,0.6875,-0.21250000000000002,3.3944110960696023,8.265097307734711,0.025,0.04999999999999999,2.0,1.3663676777629945,1.5071758172675072,0.034159191944074865,,
2018,lgbm,rolling_static_cp,1985-2013,2014-2015,2016-2017,15751.0,993.0,1.2284,0.5705,0.6719,1.6752,0.2011,59.5,Normal,332,0.8042168674698795,-0.0957831325301205,3.3730416908353154,5.108473633839198,0.009036144578313253,0.04999999999999999,3.0,0.5057371940069476,0.7074676649280853,0.004569914403677237,,
2018,lgbm,group_conditional_cp,1985-2013,2014-2015,2016-2017,15751.0,993.0,1.2284,0.5705,0.6719,1.6752,0.2011,59.5,ALL,440,0.7863636363636364,-0.11363636363636365,3.4622417800514023,5.716395282229331,0.01818181818181818,0.04999999999999999,8.0,0.6919315552625166,1.5049925489985645,0.012580573732045757,,
2018,lgbm,group_conditional_cp,1985-2013,2014-2015,2016-2017,15751.0,993.0,1.2284,0.5705,0.6719,1.6752,0.2011,59.5,Extreme,28,0.8571428571428571,-0.04285714285714293,4.677914886947655,5.691442666391986,0.10714285714285714,0.04999999999999999,3.0,0.43094035067822506,0.5344392458312184,0.04617218042980983,,
2018,lgbm,group_conditional_cp,1985-2013,2014-2015,2016-2017,15751.0,993.0,1.2284,0.5705,0.6719,1.6752,0.2011,59.5,Moderate,80,0.6875,-0.21250000000000002,3.3987776326074894,8.255818417591701,0.025,0.04999999999999999,2.0,1.3641844094940518,1.5049925489985645,0.0341046102373513,,
2018,lgbm,group_conditional_cp,1985-2013,2014-2015,2016-2017,15751.0,993.0,1.2284,0.5705,0.6719,1.6752,0.2011,59.5,Normal,332,0.8042168674698795,-0.0957831325301205,3.3750076981309753,5.106590530465644,0.009036144578313253,0.04999999999999999,3.0,0.504754190359118,0.706484661280256,0.00456103184059444,,
2018,lgbm,standard_aci,1985-2013,2014-2015,2016-2017,15751.0,993.0,1.2284,0.5705,0.6719,1.6752,0.2011,59.5,ALL,440,0.7840909090909091,-0.11590909090909096,3.4248663260864585,5.735076865919291,0.01818181818181818,0.04999999999999999,8.0,0.7962600326221448,1.5071758172675072,0.014477455138584451,,
2018,lgbm,standard_aci,1985-2013,2014-2015,2016-2017,15751.0,993.0,1.2284,0.5705,0.6719,1.6752,0.2011,59.5,Extreme,28,0.8214285714285714,-0.07857142857142863,4.126373372683887,5.936171069682067,0.10714285714285714,0.04999999999999999,3.0,0.706711107810109,0.8102100029631023,0.07571904726536882,,
2018,lgbm,standard_aci,1985-2013,2014-2015,2016-2017,15751.0,993.0,1.2284,0.5705,0.6719,1.6752,0.2011,59.5,Moderate,80,0.6875,-0.21250000000000002,3.3944110960696023,8.265097307734711,0.025,0.04999999999999999,2.0,1.3663676777629945,1.5071758172675072,0.034159191944074865,,
2018,lgbm,standard_aci,1985-2013,2014-2015,2016-2017,15751.0,993.0,1.2284,0.5705,0.6719,1.6752,0.2011,59.5,Normal,332,0.8042168674698795,-0.0957831325301205,3.3730416908353154,5.108473633839198,0.009036144578313253,0.04999999999999999,3.0,0.5057371940069476,0.7074676649280853,0.004569914403677237,,
2018,lgbm,sa_aci,1985-2013,2014-2015,2016-2017,15751.0,993.0,1.2284,0.5705,0.6719,1.6752,0.2011,59.5,ALL,440,0.7863636363636364,-0.11363636363636365,3.431820472280602,5.723271846394518,0.01818181818181818,0.04999999999999999,8.0,0.7680107799674795,1.4716368985317656,0.01396383236304508,,
2018,lgbm,sa_aci,1985-2013,2014-2015,2016-2017,15751.0,993.0,1.2284,0.5705,0.6719,1.6752,0.2011,59.5,Extreme,28,0.8571428571428571,-0.04285714285714293,4.265310625451257,5.895790557067473,0.10714285714285714,0.04999999999999999,3.0,0.6425125311632481,0.7416389379379886,0.06884062833891945,,
2018,lgbm,sa_aci,1985-2013,2014-2015,2016-2017,15751.0,993.0,1.2284,0.5705,0.6719,1.6752,0.2011,59.5,Moderate,80,0.6875,-0.21250000000000002,3.444544431029074,8.156341087424511,0.025,0.04999999999999999,2.0,1.338732344880842,1.4716368985317656,0.03346830862202105,,
2018,lgbm,sa_aci,1985-2013,2014-2015,2016-2017,15751.0,993.0,1.2284,0.5705,0.6719,1.6752,0.2011,59.5,Normal,332,0.8042168674698795,-0.0957831325301205,3.3584601078569385,5.122440330788366,0.009036144578313253,0.04999999999999999,3.0,0.5130279854961358,0.7147584564172735,0.004635795049663878,,
2018,lgbm,_group_cp_meta,,,,,,,,,,,,ALL,440,,,,,,,,,,,"{""Extreme"": 1.0628, ""Moderate"": 0.7892, ""Normal"": 0.788}","{""Extreme"": false, ""Moderate"": false, ""Normal"": false}"
2019,lgbm,rolling_static_cp,1985-2014,2015-2016,2017-2018,16251.0,944.0,0.8029,0.7039,-0.1026,0.9875,0.5521,55.5,ALL,410,0.9634146341463414,0.06341463414634141,3.8182442138476302,4.086630686999261,0.02195121951219512,0.04999999999999999,9.0,0.3589635313921625,0.7944326857639341,0.007879687274462104,,
2019,lgbm,rolling_static_cp,1985-2014,2015-2016,2017-2018,16251.0,944.0,0.8029,0.7039,-0.1026,0.9875,0.5521,55.5,Moderate,1,1.0,0.09999999999999998,4.313191404905278,4.313191404905278,0.0,0.04999999999999999,0.0,0.0,0.0,0.0,,
2019,lgbm,rolling_static_cp,1985-2014,2015-2016,2017-2018,16251.0,944.0,0.8029,0.7039,-0.1026,0.9875,0.5521,55.5,Normal,409,0.9633251833740831,0.0633251833740831,3.817034074016194,4.086076748813672,0.022004889975550123,0.04999999999999999,9.0,0.3589635313921625,0.7944326857639341,0.007898953013519469,,
2019,lgbm,group_conditional_cp,1985-2014,2015-2016,2017-2018,16251.0,944.0,0.8029,0.7039,-0.1026,0.9875,0.5521,55.5,ALL,410,0.9560975609756097,0.056097560975609695,3.6205523563518627,3.968206027097373,0.026829268292682926,0.04999999999999999,11.0,0.38314355562813224,0.8948286482712096,0.010279461248559645,,
2019,lgbm,group_conditional_cp,1985-2014,2015-2016,2017-2018,16251.0,944.0,0.8029,0.7039,-0.1026,0.9875,0.5521,55.5,Moderate,1,1.0,0.09999999999999998,5.383427162592269,5.383427162592269,0.0,0.04999999999999999,0.0,0.0,0.0,0.0,,
2019,lgbm,group_conditional_cp,1985-2014,2015-2016,2017-2018,16251.0,944.0,0.8029,0.7039,-0.1026,0.9875,0.5521,55.5,Normal,409,0.9559902200488998,0.05599022004889975,3.616242149001642,3.96474582872208,0.02689486552567237,0.04999999999999999,11.0,0.38314355562813224,0.8948286482712096,0.010304594405646588,,
2019,lgbm,standard_aci,1985-2014,2015-2016,2017-2018,16251.0,944.0,0.8029,0.7039,-0.1026,0.9875,0.5521,55.5,ALL,410,0.9634146341463414,0.06341463414634141,3.8182442138476302,4.086630686999261,0.02195121951219512,0.04999999999999999,9.0,0.3589635313921625,0.7944326857639341,0.007879687274462104,,
2019,lgbm,standard_aci,1985-2014,2015-2016,2017-2018,16251.0,944.0,0.8029,0.7039,-0.1026,0.9875,0.5521,55.5,Moderate,1,1.0,0.09999999999999998,4.313191404905278,4.313191404905278,0.0,0.04999999999999999,0.0,0.0,0.0,0.0,,
2019,lgbm,standard_aci,1985-2014,2015-2016,2017-2018,16251.0,944.0,0.8029,0.7039,-0.1026,0.9875,0.5521,55.5,Normal,409,0.9633251833740831,0.0633251833740831,3.817034074016194,4.086076748813672,0.022004889975550123,0.04999999999999999,9.0,0.3589635313921625,0.7944326857639341,0.007898953013519469,,
2019,lgbm,sa_aci,1985-2014,2015-2016,2017-2018,16251.0,944.0,0.8029,0.7039,-0.1026,0.9875,0.5521,55.5,ALL,410,0.9634146341463414,0.06341463414634141,3.747419083436505,4.041774318066579,0.02195121951219512,0.04999999999999999,9.0,0.3944541720793683,0.8299233264511399,0.008658750118815402,,
2019,lgbm,sa_aci,1985-2014,2015-2016,2017-2018,16251.0,944.0,0.8029,0.7039,-0.1026,0.9875,0.5521,55.5,Moderate,1,1.0,0.09999999999999998,4.30623201847808,4.30623201847808,0.0,0.04999999999999999,0.0,0.0,0.0,0.0,,
2019,lgbm,sa_aci,1985-2014,2015-2016,2017-2018,16251.0,944.0,0.8029,0.7039,-0.1026,0.9875,0.5521,55.5,Normal,409,0.9633251833740831,0.0633251833740831,3.746052792641783,4.041127722222052,0.022004889975550123,0.04999999999999999,9.0,0.3944541720793683,0.8299233264511399,0.008679920657003213,,
2019,lgbm,_group_cp_meta,,,,,,,,,,,,ALL,410,,,,,,,,,,,"{""Moderate"": 1.4942, ""Normal"": 0.8587}","{""Moderate"": false, ""Normal"": false}"
2020,lgbm,rolling_static_cp,1985-2015,2016-2017,2018-2019,16729.0,850.0,0.8613,0.627,0.0339,1.0446,0.4514,52.6,ALL,532,0.9624060150375939,0.06240601503759391,3.5729250652927864,4.122208785696348,0.03195488721804511,0.04999999999999999,17.0,0.8270664269992091,1.7518357010960663,0.02642881439659127,,
2020,lgbm,rolling_static_cp,1985-2015,2016-2017,2018-2019,16729.0,850.0,0.8613,0.627,0.0339,1.0446,0.4514,52.6,Extreme,5,0.6,-0.30000000000000004,3.7037202522466943,11.194532163728807,0.4,0.04999999999999999,2.0,0.936351488935264,1.206100797553681,0.3745405955741056,,
2020,lgbm,rolling_static_cp,1985-2015,2016-2017,2018-2019,16729.0,850.0,0.8613,0.627,0.0339,1.0446,0.4514,52.6,Moderate,50,0.92,0.020000000000000018,3.628331548802356,4.7650354707944595,0.08,0.04999999999999999,4.0,0.710439951245065,1.515689379657303,0.0568351960996052,,
2020,lgbm,rolling_static_cp,1985-2015,2016-2017,2018-2019,16729.0,850.0,0.8613,0.627,0.0339,1.0446,0.4514,52.6,Normal,477,0.9706498951781971,0.07064989517819709,3.5657462390658514,3.980693164847149,0.023060796645702306,0.04999999999999999,11.0,0.8496060432850697,1.7518357010960663,0.019592592193156743,,
2020,lgbm,group_conditional_cp,1985-2015,2016-2017,2018-2019,16729.0,850.0,0.8613,0.627,0.0339,1.0446,0.4514,52.6,ALL,532,0.9586466165413534,0.05864661654135339,3.5068444559111978,4.009529949985473,0.03195488721804511,0.04999999999999999,17.0,0.7251630335507567,1.8774436178017595,0.023172502951809896,,
2020,lgbm,group_conditional_cp,1985-2015,2016-2017,2018-2019,16729.0,850.0,0.8613,0.627,0.0339,1.0446,0.4514,52.6,Extreme,5,0.8,-0.09999999999999998,5.649378613322415,6.582465081385696,0.2,0.04999999999999999,1.0,0.23327161701582,0.23327161701582,0.046654323403164,,
2020,lgbm,group_conditional_cp,1985-2015,2016-2017,2018-2019,16729.0,850.0,0.8613,0.627,0.0339,1.0446,0.4514,52.6,Moderate,50,0.96,0.05999999999999994,5.127267079619307,5.539360533794289,0.04,0.04999999999999999,2.0,0.5151168177187282,0.7662216142488276,0.020604672708749126,,
2020,lgbm,group_conditional_cp,1985-2015,2016-2017,2018-2019,16729.0,850.0,0.8613,0.627,0.0339,1.0446,0.4514,52.6,Normal,477,0.960167714884696,0.060167714884695966,3.314530405654465,3.822200380074693,0.029350104821802937,0.04999999999999999,14.0,0.790304736993542,1.8774436178017595,0.023195526871927857,,
2020,lgbm,standard_aci,1985-2015,2016-2017,2018-2019,16729.0,850.0,0.8613,0.627,0.0339,1.0446,0.4514,52.6,ALL,532,0.9624060150375939,0.06240601503759391,3.5729250652927864,4.122208785696348,0.03195488721804511,0.04999999999999999,17.0,0.8270664269992091,1.7518357010960663,0.02642881439659127,,
2020,lgbm,standard_aci,1985-2015,2016-2017,2018-2019,16729.0,850.0,0.8613,0.627,0.0339,1.0446,0.4514,52.6,Extreme,5,0.6,-0.30000000000000004,3.7037202522466943,11.194532163728807,0.4,0.04999999999999999,2.0,0.936351488935264,1.206100797553681,0.3745405955741056,,
2020,lgbm,standard_aci,1985-2015,2016-2017,2018-2019,16729.0,850.0,0.8613,0.627,0.0339,1.0446,0.4514,52.6,Moderate,50,0.92,0.020000000000000018,3.628331548802356,4.7650354707944595,0.08,0.04999999999999999,4.0,0.710439951245065,1.515689379657303,0.0568351960996052,,
2020,lgbm,standard_aci,1985-2015,2016-2017,2018-2019,16729.0,850.0,0.8613,0.627,0.0339,1.0446,0.4514,52.6,Normal,477,0.9706498951781971,0.07064989517819709,3.5657462390658514,3.980693164847149,0.023060796645702306,0.04999999999999999,11.0,0.8496060432850697,1.7518357010960663,0.019592592193156743,,
2020,lgbm,sa_aci,1985-2015,2016-2017,2018-2019,16729.0,850.0,0.8613,0.627,0.0339,1.0446,0.4514,52.6,ALL,532,0.956766917293233,0.05676691729323302,3.5566161960897285,4.105508313693088,0.03571428571428571,0.04999999999999999,19.0,0.7375136797554142,1.7639520865271212,0.026339774276979075,,
2020,lgbm,sa_aci,1985-2015,2016-2017,2018-2019,16729.0,850.0,0.8613,0.627,0.0339,1.0446,0.4514,52.6,Extreme,5,0.6,-0.30000000000000004,3.801043195012847,10.90256333543034,0.4,0.04999999999999999,2.0,0.8876900175521865,1.1574393261706035,0.3550760070208746,,
2020,lgbm,sa_aci,1985-2015,2016-2017,2018-2019,16729.0,850.0,0.8613,0.627,0.0339,1.0446,0.4514,52.6,Moderate,50,0.92,0.020000000000000018,3.676253520229727,4.776610820038119,0.08,0.04999999999999999,4.0,0.6877233123802458,1.4974168366812926,0.05501786499041966,,
2020,lgbm,sa_aci,1985-2015,2016-2017,2018-2019,16729.0,850.0,0.8613,0.627,0.0339,1.0446,0.4514,52.6,Normal,477,0.9643605870020965,0.06436058700209646,3.5415134682037417,3.9639141828211004,0.027253668763102725,0.04999999999999999,13.0,0.7297297408251933,1.7639520865271212,0.019887812643034616,,
2020,lgbm,_group_cp_meta,,,,,,,,,,,,ALL,532,,,,,,,,,,,"{""Extreme"": 1.8618, ""Moderate"": 1.6384, ""Normal"": 0.7633}","{""Extreme"": false, ""Moderate"": false, ""Normal"": false}"
2021,lgbm,rolling_static_cp,1985-2016,2017-2018,2019-2020,17218.0,942.0,0.9765,0.7081,-0.0885,1.2135,0.5492,60.5,ALL,450,0.86,-0.040000000000000036,2.623294465605701,4.017851656241831,0.07333333333333333,0.04999999999999999,33.0,0.6574228967674188,2.2356128251201195,0.04821101242961072,,
2021,lgbm,rolling_static_cp,1985-2016,2017-2018,2019-2020,17218.0,942.0,0.9765,0.7081,-0.0885,1.2135,0.5492,60.5,Extreme,22,0.8181818181818182,-0.08181818181818179,3.091650696013444,5.524109958946278,0.18181818181818182,0.04999999999999999,4.0,0.6689262973065293,1.1498615028062575,0.12162296314664169,,
2021,lgbm,rolling_static_cp,1985-2016,2017-2018,2019-2020,17218.0,942.0,0.9765,0.7081,-0.0885,1.2135,0.5492,60.5,Moderate,115,0.7478260869565218,-0.15217391304347827,2.8477946196459216,5.281797194821077,0.14782608695652175,0.04999999999999999,17.0,0.6062043783045424,1.7657511532102061,0.0896128211406715,,
2021,lgbm,rolling_static_cp,1985-2016,2017-2018,2019-2020,17218.0,942.0,0.9765,0.7081,-0.0885,1.2135,0.5492,60.5,Normal,313,0.9041533546325878,0.0041533546325878135,2.507890776201242,3.4475915297366844,0.038338658146964855,0.04999999999999999,12.0,0.7261479977434568,2.2356128251201195,0.0278395398495894,,
2021,lgbm,group_conditional_cp,1985-2016,2017-2018,2019-2020,17218.0,942.0,0.9765,0.7081,-0.0885,1.2135,0.5492,60.5,ALL,450,0.8911111111111111,-0.008888888888888946,2.801698867557164,3.8477775891145027,0.06,0.04999999999999999,27.0,0.6099244148576141,2.2467352806202205,0.036595464891456854,,
2021,lgbm,group_conditional_cp,1985-2016,2017-2018,2019-2020,17218.0,942.0,0.9765,0.7081,-0.0885,1.2135,0.5492,60.5,Extreme,22,0.8181818181818182,-0.08181818181818179,3.091650696013444,5.524109958946278,0.18181818181818182,0.04999999999999999,4.0,0.6689262973065293,1.1498615028062575,0.12162296314664169,,
2021,lgbm,group_conditional_cp,1985-2016,2017-2018,2019-2020,17218.0,942.0,0.9765,0.7081,-0.0885,1.2135,0.5492,60.5,Moderate,115,0.8695652173913043,-0.0304347826086957,3.606443645917418,4.6188046177402455,0.09565217391304348,0.04999999999999999,11.0,0.44954623390970566,1.3864266400744576,0.04300007454788489,,
2021,lgbm,group_conditional_cp,1985-2016,2017-2018,2019-2020,17218.0,942.0,0.9765,0.7081,-0.0885,1.2135,0.5492,60.5,Normal,313,0.9041533546325878,0.0041533546325878135,2.4856458652010387,3.446667619695142,0.038338658146964855,0.04999999999999999,12.0,0.7372704532435587,2.2467352806202205,0.02826595986876263,,
2021,lgbm,standard_aci,1985-2016,2017-2018,2019-2020,17218.0,942.0,0.9765,0.7081,-0.0885,1.2135,0.5492,60.5,ALL,450,0.86,-0.040000000000000036,2.623294465605701,4.017851656241831,0.07333333333333333,0.04999999999999999,33.0,0.6574228967674188,2.2356128251201195,0.04821101242961072,,
2021,lgbm,standard_aci,1985-2016,2017-2018,2019-2020,17218.0,942.0,0.9765,0.7081,-0.0885,1.2135,0.5492,60.5,Extreme,22,0.8181818181818182,-0.08181818181818179,3.091650696013444,5.524109958946278,0.18181818181818182,0.04999999999999999,4.0,0.6689262973065293,1.1498615028062575,0.12162296314664169,,
2021,lgbm,standard_aci,1985-2016,2017-2018,2019-2020,17218.0,942.0,0.9765,0.7081,-0.0885,1.2135,0.5492,60.5,Moderate,115,0.7478260869565218,-0.15217391304347827,2.8477946196459216,5.281797194821077,0.14782608695652175,0.04999999999999999,17.0,0.6062043783045424,1.7657511532102061,0.0896128211406715,,
2021,lgbm,standard_aci,1985-2016,2017-2018,2019-2020,17218.0,942.0,0.9765,0.7081,-0.0885,1.2135,0.5492,60.5,Normal,313,0.9041533546325878,0.0041533546325878135,2.507890776201242,3.4475915297366844,0.038338658146964855,0.04999999999999999,12.0,0.7261479977434568,2.2356128251201195,0.0278395398495894,,
2021,lgbm,sa_aci,1985-2016,2017-2018,2019-2020,17218.0,942.0,0.9765,0.7081,-0.0885,1.2135,0.5492,60.5,ALL,450,0.8644444444444445,-0.03555555555555556,2.6355942620099215,4.0004353749122386,0.07111111111111111,0.04999999999999999,32.0,0.6638334892885771,2.2356128251201195,0.047205937016076595,,
2021,lgbm,sa_aci,1985-2016,2017-2018,2019-2020,17218.0,942.0,0.9765,0.7081,-0.0885,1.2135,0.5492,60.5,Extreme,22,0.8181818181818182,-0.08181818181818179,3.1590960396175443,5.473743885377811,0.18181818181818182,0.04999999999999999,4.0,0.6365281575840733,1.1217771805899632,0.11573239228801334,,
2021,lgbm,sa_aci,1985-2016,2017-2018,2019-2020,17218.0,942.0,0.9765,0.7081,-0.0885,1.2135,0.5492,60.5,Moderate,115,0.7652173913043478,-0.13478260869565217,2.883021670277304,5.223281777605331,0.1391304347826087,0.04999999999999999,16.0,0.6239239408735432,1.751708992102059,0.08680680916501471,,
2021,lgbm,sa_aci,1985-2016,2017-2018,2019-2020,17218.0,942.0,0.9765,0.7081,-0.0885,1.2135,0.5492,60.5,Normal,313,0.9041533546325878,0.0041533546325878135,2.507890776201242,3.4475915297366844,0.038338658146964855,0.04999999999999999,12.0,0.7261479977434568,2.2356128251201195,0.0278395398495894,,
2021,lgbm,_group_cp_meta,,,,,,,,,,,,ALL,450,,,,,,,,,,,"{""Extreme"": 0.4052, ""Moderate"": 0.7845, ""Normal"": 0.394}","{""Extreme"": true, ""Moderate"": false, ""Normal"": false}"
2022,lgbm,rolling_static_cp,1985-2017,2018-2019,2020-2021,17722.0,982.0,0.8207,0.7795,0.0065,1.1375,0.5764,75.0,ALL,491,0.955193482688391,0.05519348268839097,2.93330522440891,3.6635536135753575,0.03054989816700611,0.04999999999999999,15.0,1.0371740655020316,2.4584553634065838,0.031685562082546796,,
2022,lgbm,rolling_static_cp,1985-2017,2018-2019,2020-2021,17722.0,982.0,0.8207,0.7795,0.0065,1.1375,0.5764,75.0,Extreme,86,0.8837209302325582,-0.016279069767441867,3.376369444737517,6.22730034988302,0.11627906976744186,0.04999999999999999,10.0,1.2259002892125657,2.4584553634065838,0.1425465452572751,,
2022,lgbm,rolling_static_cp,1985-2017,2018-2019,2020-2021,17722.0,982.0,0.8207,0.7795,0.0065,1.1375,0.5764,75.0,Moderate,160,0.98125,0.08124999999999993,2.905668092631455,3.123208219147487,0.0125,0.04999999999999999,2.0,0.7648286423334723,0.7818527288861628,0.009560358029168404,,
2022,lgbm,rolling_static_cp,1985-2017,2018-2019,2020-2021,17722.0,982.0,0.8207,0.7795,0.0065,1.1375,0.5764,75.0,Normal,245,0.963265306122449,0.06326530612244896,2.795829380066593,3.116504812701889,0.012244897959183673,0.04999999999999999,3.0,0.589650268579291,0.9794173283384957,0.007220207370358666,,
2022,lgbm,group_conditional_cp,1985-2017,2018-2019,2020-2021,17722.0,982.0,0.8207,0.7795,0.0065,1.1375,0.5764,75.0,ALL,491,0.9613034623217923,0.06130346232179229,3.657358745040301,3.9455886510957736,0.020366598778004074,0.04999999999999999,10.0,0.38122567788341266,1.143718867039225,0.007764270425324087,,
2022,lgbm,group_conditional_cp,1985-2017,2018-2019,2020-2021,17722.0,982.0,0.8207,0.7795,0.0065,1.1375,0.5764,75.0,Extreme,86,0.9767441860465116,0.07674418604651156,6.277502083168485,6.529736942397961,0.023255813953488372,0.04999999999999999,2.0,0.5423049473433763,1.0078890441911001,0.012611742961473868,,
2022,lgbm,group_conditional_cp,1985-2017,2018-2019,2020-2021,17722.0,982.0,0.8207,0.7795,0.0065,1.1375,0.5764,75.0,Moderate,160,0.9875,0.08750000000000002,4.071422003183372,4.11690992494775,0.0125,0.04999999999999999,2.0,0.1819516870575133,0.19897577361020335,0.0022743960882189163,,
2022,lgbm,group_conditional_cp,1985-2017,2018-2019,2020-2021,17722.0,982.0,0.8207,0.7795,0.0065,1.1375,0.5764,75.0,Normal,245,0.9387755102040817,0.038775510204081653,2.467226302665136,2.9266165822455523,0.024489795918367346,0.04999999999999999,6.0,0.3939572516720579,1.143718867039225,0.00964793269400958,,
2022,lgbm,standard_aci,1985-2017,2018-2019,2020-2021,17722.0,982.0,0.8207,0.7795,0.0065,1.1375,0.5764,75.0,ALL,491,0.955193482688391,0.05519348268839097,2.93330522440891,3.6635536135753575,0.03054989816700611,0.04999999999999999,15.0,1.0371740655020316,2.4584553634065838,0.031685562082546796,,
2022,lgbm,standard_aci,1985-2017,2018-2019,2020-2021,17722.0,982.0,0.8207,0.7795,0.0065,1.1375,0.5764,75.0,Extreme,86,0.8837209302325582,-0.016279069767441867,3.376369444737517,6.22730034988302,0.11627906976744186,0.04999999999999999,10.0,1.2259002892125657,2.4584553634065838,0.1425465452572751,,
2022,lgbm,standard_aci,1985-2017,2018-2019,2020-2021,17722.0,982.0,0.8207,0.7795,0.0065,1.1375,0.5764,75.0,Moderate,160,0.98125,0.08124999999999993,2.905668092631455,3.123208219147487,0.0125,0.04999999999999999,2.0,0.7648286423334723,0.7818527288861628,0.009560358029168404,,
2022,lgbm,standard_aci,1985-2017,2018-2019,2020-2021,17722.0,982.0,0.8207,0.7795,0.0065,1.1375,0.5764,75.0,Normal,245,0.963265306122449,0.06326530612244896,2.795829380066593,3.116504812701889,0.012244897959183673,0.04999999999999999,3.0,0.589650268579291,0.9794173283384957,0.007220207370358666,,
2022,lgbm,sa_aci,1985-2017,2018-2019,2020-2021,17722.0,982.0,0.8207,0.7795,0.0065,1.1375,0.5764,75.0,ALL,491,0.955193482688391,0.05519348268839097,2.938377800667123,3.6521921385453044,0.03054989816700611,0.04999999999999999,15.0,1.0057754405668402,2.409586983963324,0.03072633728819267,,
2022,lgbm,sa_aci,1985-2017,2018-2019,2020-2021,17722.0,982.0,0.8207,0.7795,0.0065,1.1375,0.5764,75.0,Extreme,86,0.8837209302325582,-0.016279069767441867,3.443546103683836,6.183438548440983,0.11627906976744186,0.04999999999999999,10.0,1.1781537512455733,2.409586983963324,0.13699462223785736,,
2022,lgbm,sa_aci,1985-2017,2018-2019,2020-2021,17722.0,982.0,0.8207,0.7795,0.0065,1.1375,0.5764,75.0,Moderate,160,0.98125,0.08124999999999993,2.9221059471274677,3.135313187432378,0.0125,0.04999999999999999,2.0,0.749959560115836,0.7669836466685265,0.00937449450144795,,
2022,lgbm,sa_aci,1985-2017,2018-2019,2020-2021,17722.0,982.0,0.8207,0.7795,0.0065,1.1375,0.5764,75.0,Normal,245,0.963265306122449,0.06326530612244896,2.771679933348379,3.101226591308733,0.012244897959183673,0.04999999999999999,3.0,0.6017249919383989,0.9914920516976036,0.007368061125776313,,
2022,lgbm,_group_cp_meta,,,,,,,,,,,,ALL,491,,,,,,,,,,,"{""Extreme"": 1.9531, ""Moderate"": 1.0855, ""Normal"": 0.3383}","{""Extreme"": false, ""Moderate"": false, ""Normal"": false}"
2023,lgbm,rolling_static_cp,1985-2018,2019-2020,2021-2022,18162.0,941.0,0.9044,0.7476,-0.4583,1.1702,0.5775,60.0,ALL,462,0.8896103896103896,-0.010389610389610393,2.587175311483488,3.993739079460544,0.09523809523809523,0.04999999999999999,44.0,0.7033134995276987,2.438215633033324,0.06698223805025702,,
2023,lgbm,rolling_static_cp,1985-2018,2019-2020,2021-2022,18162.0,941.0,0.9044,0.7476,-0.4583,1.1702,0.5775,60.0,Extreme,89,0.7078651685393258,-0.19213483146067423,3.0891054747425684,8.45342784336651,0.2696629213483146,0.04999999999999999,24.0,0.9784955260092153,2.438215633033324,0.26386396206990076,,
2023,lgbm,rolling_static_cp,1985-2018,2019-2020,2021-2022,18162.0,941.0,0.9044,0.7476,-0.4583,1.1702,0.5775,60.0,Moderate,100,0.94,0.039999999999999925,2.7052360822941677,3.198720297510807,0.06,0.04999999999999999,6.0,0.4112368460138658,1.0061204885146644,0.024674210760831948,,
2023,lgbm,rolling_static_cp,1985-2018,2019-2020,2021-2022,18162.0,941.0,0.9044,0.7476,-0.4583,1.1702,0.5775,60.0,Normal,273,0.9304029304029304,0.030402930402930406,2.380296697523319,2.8310635417585037,0.05128205128205128,0.04999999999999999,14.0,0.3567485913510272,0.9458906366416109,0.018294799556462932,,
2023,lgbm,group_conditional_cp,1985-2018,2019-2020,2021-2022,18162.0,941.0,0.9044,0.7476,-0.4583,1.1702,0.5775,60.0,ALL,462,0.9155844155844156,0.01558441558441559,2.9371369162119194,3.6033347882090663,0.0735930735930736,0.04999999999999999,34.0,0.40437064162522335,1.379064100283128,0.02975887838800345,,
2023,lgbm,group_conditional_cp,1985-2018,2019-2020,2021-2022,18162.0,941.0,0.9044,0.7476,-0.4583,1.1702,0.5775,60.0,Extreme,89,0.8876404494382022,-0.012359550561797827,5.20740854024296,6.392782368940996,0.11235955056179775,0.04999999999999999,10.0,0.527491353770627,1.379064100283128,0.059268691434901905,,
2023,lgbm,group_conditional_cp,1985-2018,2019-2020,2021-2022,18162.0,941.0,0.9044,0.7476,-0.4583,1.1702,0.5775,60.0,Moderate,100,0.96,0.05999999999999994,2.9632023840589916,3.327843520992951,0.04,0.04999999999999999,4.0,0.4558014211674495,0.8771373376322522,0.01823205684669798,,
2023,lgbm,group_conditional_cp,1985-2018,2019-2020,2021-2022,18162.0,941.0,0.9044,0.7476,-0.4583,1.1702,0.5775,60.0,Normal,273,0.9084249084249084,0.008424908424908395,2.1874639443310766,2.794866993470859,0.07326007326007326,0.04999999999999999,20.0,0.33252412964407635,1.042307013237732,0.02436074209846713,,
2023,lgbm,standard_aci,1985-2018,2019-2020,2021-2022,18162.0,941.0,0.9044,0.7476,-0.4583,1.1702,0.5775,60.0,ALL,462,0.8896103896103896,-0.010389610389610393,2.587175311483488,3.993739079460544,0.09523809523809523,0.04999999999999999,44.0,0.7033134995276987,2.438215633033324,0.06698223805025702,,
2023,lgbm,standard_aci,1985-2018,2019-2020,2021-2022,18162.0,941.0,0.9044,0.7476,-0.4583,1.1702,0.5775,60.0,Extreme,89,0.7078651685393258,-0.19213483146067423,3.0891054747425684,8.45342784336651,0.2696629213483146,0.04999999999999999,24.0,0.9784955260092153,2.438215633033324,0.26386396206990076,,
2023,lgbm,standard_aci,1985-2018,2019-2020,2021-2022,18162.0,941.0,0.9044,0.7476,-0.4583,1.1702,0.5775,60.0,Moderate,100,0.94,0.039999999999999925,2.7052360822941677,3.198720297510807,0.06,0.04999999999999999,6.0,0.4112368460138658,1.0061204885146644,0.024674210760831948,,
2023,lgbm,standard_aci,1985-2018,2019-2020,2021-2022,18162.0,941.0,0.9044,0.7476,-0.4583,1.1702,0.5775,60.0,Normal,273,0.9304029304029304,0.030402930402930406,2.380296697523319,2.8310635417585037,0.05128205128205128,0.04999999999999999,14.0,0.3567485913510272,0.9458906366416109,0.018294799556462932,,
2023,lgbm,sa_aci,1985-2018,2019-2020,2021-2022,18162.0,941.0,0.9044,0.7476,-0.4583,1.1702,0.5775,60.0,ALL,462,0.8896103896103896,-0.010389610389610393,2.6047895287852505,3.9720255175113106,0.09523809523809523,0.04999999999999999,44.0,0.6839462864111959,2.411102510878626,0.06513774156297104,,
2023,lgbm,sa_aci,1985-2018,2019-2020,2021-2022,18162.0,941.0,0.9044,0.7476,-0.4583,1.1702,0.5775,60.0,Extreme,89,0.7078651685393258,-0.19213483146067423,3.147133033780265,8.328220473557861,0.2696629213483146,0.04999999999999999,24.0,0.9469090700218971,2.411102510878626,0.25534626607332056,,
2023,lgbm,sa_aci,1985-2018,2019-2020,2021-2022,18162.0,941.0,0.9044,0.7476,-0.4583,1.1702,0.5775,60.0,Moderate,100,0.94,0.039999999999999925,2.7360679720645265,3.2101722475798042,0.06,0.04999999999999999,6.0,0.39508689626273136,0.9876767735574212,0.02370521377576388,,
2023,lgbm,sa_aci,1985-2018,2019-2020,2021-2022,18162.0,941.0,0.9044,0.7476,-0.4583,1.1702,0.5775,60.0,Normal,273,0.9304029304029304,0.030402930402930406,2.3798942310838442,2.8309411801670157,0.05128205128205128,0.04999999999999999,14.0,0.35694982457076463,0.9460918698613483,0.01830511920875716,,
2023,lgbm,_group_cp_meta,,,,,,,,,,,,ALL,462,,,,,,,,,,,"{""Extreme"": 1.3988, ""Moderate"": 0.4686, ""Normal"": 0.2432}","{""Extreme"": false, ""Moderate"": false, ""Normal"": false}"
