test_year,model,method,fit_years,dev_years,cal_years,n_fit,n_cal,model_rmse,model_r2,model_bias,baseline_trend_county_rmse,baseline_trend_county_r2,seconds,stratum,n,picp,ace,mpiw,winkler,group_thresholds,group_fallbacks
2008,lgbm,rolling_static_cp,1985-2003,2004-2005,2006-2007,10539.0,1052.0,0.9371,0.6058,0.4765,1.1894,0.3649,89.0,ALL,522,0.7758620689655172,-0.12413793103448278,2.8974286468433292,4.435927214998237,,
2008,lgbm,rolling_static_cp,1985-2003,2004-2005,2006-2007,10539.0,1052.0,0.9371,0.6058,0.4765,1.1894,0.3649,89.0,Extreme,1,1.0,0.09999999999999998,3.896961502104495,3.896961502104495,,
2008,lgbm,rolling_static_cp,1985-2003,2004-2005,2006-2007,10539.0,1052.0,0.9371,0.6058,0.4765,1.1894,0.3649,89.0,Moderate,4,1.0,0.09999999999999998,2.9160796116700176,2.9160796116700176,,
2008,lgbm,rolling_static_cp,1985-2003,2004-2005,2006-2007,10539.0,1052.0,0.9371,0.6058,0.4765,1.1894,0.3649,89.0,Normal,517,0.7736943907156673,-0.12630560928433276,2.895351012966022,4.448728677524748,,
2008,lgbm,group_conditional_cp,1985-2003,2004-2005,2006-2007,10539.0,1052.0,0.9371,0.6058,0.4765,1.1894,0.3649,89.0,ALL,522,0.7624521072796935,-0.13754789272030654,2.8544393600617837,4.492502897336382,,
2008,lgbm,group_conditional_cp,1985-2003,2004-2005,2006-2007,10539.0,1052.0,0.9371,0.6058,0.4765,1.1894,0.3649,89.0,Extreme,1,1.0,0.09999999999999998,4.397319645105334,4.397319645105334,,
2008,lgbm,group_conditional_cp,1985-2003,2004-2005,2006-2007,10539.0,1052.0,0.9371,0.6058,0.4765,1.1894,0.3649,89.0,Moderate,4,1.0,0.09999999999999998,2.7807130667925373,2.7807130667925373,,
2008,lgbm,group_conditional_cp,1985-2003,2004-2005,2006-2007,10539.0,1052.0,0.9371,0.6058,0.4765,1.1894,0.3649,89.0,Normal,517,0.7601547388781431,-0.1398452611218569,2.8520254817020803,4.505931026106993,,
2008,lgbm,standard_aci,1985-2003,2004-2005,2006-2007,10539.0,1052.0,0.9371,0.6058,0.4765,1.1894,0.3649,89.0,ALL,522,0.7758620689655172,-0.12413793103448278,2.8974286468433292,4.435927214998237,,
2008,lgbm,standard_aci,1985-2003,2004-2005,2006-2007,10539.0,1052.0,0.9371,0.6058,0.4765,1.1894,0.3649,89.0,Extreme,1,1.0,0.09999999999999998,3.896961502104495,3.896961502104495,,
2008,lgbm,standard_aci,1985-2003,2004-2005,2006-2007,10539.0,1052.0,0.9371,0.6058,0.4765,1.1894,0.3649,89.0,Moderate,4,1.0,0.09999999999999998,2.9160796116700176,2.9160796116700176,,
2008,lgbm,standard_aci,1985-2003,2004-2005,2006-2007,10539.0,1052.0,0.9371,0.6058,0.4765,1.1894,0.3649,89.0,Normal,517,0.7736943907156673,-0.12630560928433276,2.895351012966022,4.448728677524748,,
2008,lgbm,sa_aci,1985-2003,2004-2005,2006-2007,10539.0,1052.0,0.9371,0.6058,0.4765,1.1894,0.3649,89.0,ALL,522,0.7681992337164751,-0.13180076628352488,2.874346376037747,4.466188306933423,,
2008,lgbm,sa_aci,1985-2003,2004-2005,2006-2007,10539.0,1052.0,0.9371,0.6058,0.4765,1.1894,0.3649,89.0,Extreme,1,1.0,0.09999999999999998,3.9547181162563803,3.9547181162563803,,
2008,lgbm,sa_aci,1985-2003,2004-2005,2006-2007,10539.0,1052.0,0.9371,0.6058,0.4765,1.1894,0.3649,89.0,Moderate,4,1.0,0.09999999999999998,2.9331831449473365,2.9331831449473365,,
2008,lgbm,sa_aci,1985-2003,2004-2005,2006-2007,10539.0,1052.0,0.9371,0.6058,0.4765,1.1894,0.3649,89.0,Normal,517,0.7659574468085106,-0.1340425531914894,2.8718014653687773,4.479038385924954,,
2008,lgbm,_group_cp_meta,,,,,,,,,,,,ALL,522,,,,,"{""Extreme"": 0.8485, ""Moderate"": 0.5306, ""Normal"": 0.5766}","{""Extreme"": false, ""Moderate"": false, ""Normal"": false}"
2009,lgbm,rolling_static_cp,1985-2004,2005-2006,2007-2008,11072.0,1051.0,1.0657,0.2478,0.7517,1.1336,0.1488,77.0,ALL,524,0.9122137404580153,0.012213740458015265,3.1950308125834983,3.5838117971697736,,
2009,lgbm,rolling_static_cp,1985-2004,2005-2006,2007-2008,11072.0,1051.0,1.0657,0.2478,0.7517,1.1336,0.1488,77.0,Moderate,10,0.8,-0.09999999999999998,3.1966571038928455,4.3098598471513085,,
2009,lgbm,rolling_static_cp,1985-2004,2005-2006,2007-2008,11072.0,1051.0,1.0657,0.2478,0.7517,1.1336,0.1488,77.0,Normal,514,0.914396887159533,0.014396887159533023,3.194999172674756,3.5696863487265533,,
2009,lgbm,group_conditional_cp,1985-2004,2005-2006,2007-2008,11072.0,1051.0,1.0657,0.2478,0.7517,1.1336,0.1488,77.0,ALL,524,0.9083969465648855,0.008396946564885432,3.20894238938096,3.6006484291169913,,
2009,lgbm,group_conditional_cp,1985-2004,2005-2006,2007-2008,11072.0,1051.0,1.0657,0.2478,0.7517,1.1336,0.1488,77.0,Moderate,10,0.6,-0.30000000000000004,2.756012726435322,5.023711785073253,,
2009,lgbm,group_conditional_cp,1985-2004,2005-2006,2007-2008,11072.0,1051.0,1.0657,0.2478,0.7517,1.1336,0.1488,77.0,Normal,514,0.914396887159533,0.014396887159533023,3.217754250527762,3.5729623716081145,,
2009,lgbm,standard_aci,1985-2004,2005-2006,2007-2008,11072.0,1051.0,1.0657,0.2478,0.7517,1.1336,0.1488,77.0,ALL,524,0.9122137404580153,0.012213740458015265,3.1950308125834983,3.5838117971697736,,
2009,lgbm,standard_aci,1985-2004,2005-2006,2007-2008,11072.0,1051.0,1.0657,0.2478,0.7517,1.1336,0.1488,77.0,Moderate,10,0.8,-0.09999999999999998,3.1966571038928455,4.3098598471513085,,
2009,lgbm,standard_aci,1985-2004,2005-2006,2007-2008,11072.0,1051.0,1.0657,0.2478,0.7517,1.1336,0.1488,77.0,Normal,514,0.914396887159533,0.014396887159533023,3.194999172674756,3.5696863487265533,,
2009,lgbm,sa_aci,1985-2004,2005-2006,2007-2008,11072.0,1051.0,1.0657,0.2478,0.7517,1.1336,0.1488,77.0,ALL,524,0.9064885496183206,0.0064885496183205715,3.1615883598774825,3.5798907738138976,,
2009,lgbm,sa_aci,1985-2004,2005-2006,2007-2008,11072.0,1051.0,1.0657,0.2478,0.7517,1.1336,0.1488,77.0,Moderate,10,0.8,-0.09999999999999998,3.210122252279831,4.296394698764324,,
2009,lgbm,sa_aci,1985-2004,2005-2006,2007-2008,11072.0,1051.0,1.0657,0.2478,0.7517,1.1336,0.1488,77.0,Normal,514,0.9085603112840467,0.008560311284046662,3.160644120725686,3.5659510087370414,,
2009,lgbm,_group_cp_meta,,,,,,,,,,,,ALL,524,,,,,"{""Moderate"": 0.4868, ""Normal"": 0.7185}","{""Moderate"": false, ""Normal"": false}"
2010,lgbm,rolling_static_cp,1985-2005,2006-2007,2008-2009,11611.0,1046.0,1.1416,0.5304,-0.5497,1.261,0.4271,82.3,ALL,536,0.8955223880597015,-0.004477611940298498,3.183845773115547,4.402276379485981,,
2010,lgbm,rolling_static_cp,1985-2005,2006-2007,2008-2009,11611.0,1046.0,1.1416,0.5304,-0.5497,1.261,0.4271,82.3,Extreme,31,0.9032258064516129,0.003225806451612856,3.698080948141125,5.534527063219343,,
2010,lgbm,rolling_static_cp,1985-2005,2006-2007,2008-2009,11611.0,1046.0,1.1416,0.5304,-0.5497,1.261,0.4271,82.3,Moderate,33,0.9393939393939394,0.039393939393939426,3.3044297362867505,4.739388067119073,,
2010,lgbm,rolling_static_cp,1985-2005,2006-2007,2008-2009,11611.0,1046.0,1.1416,0.5304,-0.5497,1.261,0.4271,82.3,Normal,472,0.8919491525423728,-0.008050847457627186,3.141641194279863,4.304343208113891,,
2010,lgbm,group_conditional_cp,1985-2005,2006-2007,2008-2009,11611.0,1046.0,1.1416,0.5304,-0.5497,1.261,0.4271,82.3,ALL,536,0.8936567164179104,-0.006343283582089576,3.172114932431626,4.403356247057309,,
2010,lgbm,group_conditional_cp,1985-2005,2006-2007,2008-2009,11611.0,1046.0,1.1416,0.5304,-0.5497,1.261,0.4271,82.3,Extreme,31,0.9032258064516129,0.003225806451612856,3.698080948141125,5.534527063219343,,
2010,lgbm,group_conditional_cp,1985-2005,2006-2007,2008-2009,11611.0,1046.0,1.1416,0.5304,-0.5497,1.261,0.4271,82.3,Moderate,33,0.9393939393939394,0.039393939393939426,3.3044297362867505,4.739388067119073,,
2010,lgbm,group_conditional_cp,1985-2005,2006-2007,2008-2009,11611.0,1046.0,1.1416,0.5304,-0.5497,1.261,0.4271,82.3,Normal,472,0.8898305084745762,-0.01016949152542379,3.128319731130326,4.305569498406755,,
2010,lgbm,standard_aci,1985-2005,2006-2007,2008-2009,11611.0,1046.0,1.1416,0.5304,-0.5497,1.261,0.4271,82.3,ALL,536,0.8955223880597015,-0.004477611940298498,3.183845773115547,4.402276379485981,,
2010,lgbm,standard_aci,1985-2005,2006-2007,2008-2009,11611.0,1046.0,1.1416,0.5304,-0.5497,1.261,0.4271,82.3,Extreme,31,0.9032258064516129,0.003225806451612856,3.698080948141125,5.534527063219343,,
2010,lgbm,standard_aci,1985-2005,2006-2007,2008-2009,11611.0,1046.0,1.1416,0.5304,-0.5497,1.261,0.4271,82.3,Moderate,33,0.9393939393939394,0.039393939393939426,3.3044297362867505,4.739388067119073,,
2010,lgbm,standard_aci,1985-2005,2006-2007,2008-2009,11611.0,1046.0,1.1416,0.5304,-0.5497,1.261,0.4271,82.3,Normal,472,0.8919491525423728,-0.008050847457627186,3.141641194279863,4.304343208113891,,
2010,lgbm,sa_aci,1985-2005,2006-2007,2008-2009,11611.0,1046.0,1.1416,0.5304,-0.5497,1.261,0.4271,82.3,ALL,536,0.8955223880597015,-0.004477611940298498,3.195279252529557,4.403800466603674,,
2010,lgbm,sa_aci,1985-2005,2006-2007,2008-2009,11611.0,1046.0,1.1416,0.5304,-0.5497,1.261,0.4271,82.3,Extreme,31,0.9032258064516129,0.003225806451612856,3.8332510737055103,5.530068004334752,,
2010,lgbm,sa_aci,1985-2005,2006-2007,2008-2009,11611.0,1046.0,1.1416,0.5304,-0.5497,1.261,0.4271,82.3,Moderate,33,0.9393939393939394,0.039393939393939426,3.363159162753823,4.768331749558643,,
2010,lgbm,sa_aci,1985-2005,2006-2007,2008-2009,11611.0,1046.0,1.1416,0.5304,-0.5497,1.261,0.4271,82.3,Normal,472,0.8919491525423728,-0.008050847457627186,3.141641194279863,4.304343208113891,,
2010,lgbm,_group_cp_meta,,,,,,,,,,,,ALL,536,,,,,"{""Extreme"": 0.709, ""Moderate"": 0.709, ""Normal"": 0.7024}","{""Extreme"": true, ""Moderate"": true, ""Normal"": false}"
2011,lgbm,rolling_static_cp,1985-2006,2007-2008,2009-2010,12134.0,1060.0,1.0414,0.6596,-0.3646,1.4374,0.3516,81.7,ALL,506,0.9051383399209486,0.005138339920948587,3.2500489284857337,4.59397150991789,,
2011,lgbm,rolling_static_cp,1985-2006,2007-2008,2009-2010,12134.0,1060.0,1.0414,0.6596,-0.3646,1.4374,0.3516,81.7,Extreme,239,0.8451882845188284,-0.054811715481171586,3.2436418181368145,5.683483345595225,,
2011,lgbm,rolling_static_cp,1985-2006,2007-2008,2009-2010,12134.0,1060.0,1.0414,0.6596,-0.3646,1.4374,0.3516,81.7,Moderate,87,0.9885057471264368,0.08850574712643677,3.192554399739764,3.469352303329224,,
2011,lgbm,rolling_static_cp,1985-2006,2007-2008,2009-2010,12134.0,1060.0,1.0414,0.6596,-0.3646,1.4374,0.3516,81.7,Normal,180,0.9444444444444444,0.0444444444444444,3.2863451694540182,3.690907855730839,,
2011,lgbm,group_conditional_cp,1985-2006,2007-2008,2009-2010,12134.0,1060.0,1.0414,0.6596,-0.3646,1.4374,0.3516,81.7,ALL,506,0.9545454545454546,0.054545454545454564,4.006264961959541,4.659300293546808,,
2011,lgbm,group_conditional_cp,1985-2006,2007-2008,2009-2010,12134.0,1060.0,1.0414,0.6596,-0.3646,1.4374,0.3516,81.7,Extreme,239,0.9497907949790795,0.049790794979079456,4.800941085306031,5.784763730574573,,
2011,lgbm,group_conditional_cp,1985-2006,2007-2008,2009-2010,12134.0,1060.0,1.0414,0.6596,-0.3646,1.4374,0.3516,81.7,Moderate,87,0.9885057471264368,0.08850574712643677,3.3022646032710843,3.566452138638555,,
2011,lgbm,group_conditional_cp,1985-2006,2007-2008,2009-2010,12134.0,1060.0,1.0414,0.6596,-0.3646,1.4374,0.3516,81.7,Normal,180,0.9444444444444444,0.0444444444444444,3.2913785048822346,3.693144893698934,,
2011,lgbm,standard_aci,1985-2006,2007-2008,2009-2010,12134.0,1060.0,1.0414,0.6596,-0.3646,1.4374,0.3516,81.7,ALL,506,0.9051383399209486,0.005138339920948587,3.2500489284857337,4.59397150991789,,
2011,lgbm,standard_aci,1985-2006,2007-2008,2009-2010,12134.0,1060.0,1.0414,0.6596,-0.3646,1.4374,0.3516,81.7,Extreme,239,0.8451882845188284,-0.054811715481171586,3.2436418181368145,5.683483345595225,,
2011,lgbm,standard_aci,1985-2006,2007-2008,2009-2010,12134.0,1060.0,1.0414,0.6596,-0.3646,1.4374,0.3516,81.7,Moderate,87,0.9885057471264368,0.08850574712643677,3.192554399739764,3.469352303329224,,
2011,lgbm,standard_aci,1985-2006,2007-2008,2009-2010,12134.0,1060.0,1.0414,0.6596,-0.3646,1.4374,0.3516,81.7,Normal,180,0.9444444444444444,0.0444444444444444,3.2863451694540182,3.690907855730839,,
2011,lgbm,sa_aci,1985-2006,2007-2008,2009-2010,12134.0,1060.0,1.0414,0.6596,-0.3646,1.4374,0.3516,81.7,ALL,506,0.9130434782608695,0.01304347826086949,3.322633892125361,4.547561341217078,,
2011,lgbm,sa_aci,1985-2006,2007-2008,2009-2010,12134.0,1060.0,1.0414,0.6596,-0.3646,1.4374,0.3516,81.7,Extreme,239,0.8619246861924686,-0.038075313807531375,3.3735106052395145,5.564618369975068,,
2011,lgbm,sa_aci,1985-2006,2007-2008,2009-2010,12134.0,1060.0,1.0414,0.6596,-0.3646,1.4374,0.3516,81.7,Moderate,87,0.9885057471264368,0.08850574712643677,3.257949244384661,3.525963611497113,,
2011,lgbm,sa_aci,1985-2006,2007-2008,2009-2010,12134.0,1060.0,1.0414,0.6596,-0.3646,1.4374,0.3516,81.7,Normal,180,0.9444444444444444,0.0444444444444444,3.2863451694540182,3.690907855730839,,
2011,lgbm,_group_cp_meta,,,,,,,,,,,,ALL,506,,,,,"{""Extreme"": 1.4742, ""Moderate"": 0.7504, ""Normal"": 0.6981}","{""Extreme"": false, ""Moderate"": false, ""Normal"": false}"
2012,lgbm,rolling_static_cp,1985-2007,2008-2009,2010-2011,12663.0,1042.0,1.9623,0.43,-0.9874,3.8468,-1.1904,80.0,ALL,510,0.6392156862745098,-0.26078431372549027,4.294195629335131,12.906369381806332,,
2012,lgbm,rolling_static_cp,1985-2007,2008-2009,2010-2011,12663.0,1042.0,1.9623,0.43,-0.9874,3.8468,-1.1904,80.0,Extreme,448,0.5982142857142857,-0.3017857142857143,4.30985237818397,14.04786863162761,,
2012,lgbm,rolling_static_cp,1985-2007,2008-2009,2010-2011,12663.0,1042.0,1.9623,0.43,-0.9874,3.8468,-1.1904,80.0,Moderate,25,0.92,0.020000000000000018,3.962821265892263,4.372976207558296,,
2012,lgbm,rolling_static_cp,1985-2007,2008-2009,2010-2011,12663.0,1042.0,1.9623,0.43,-0.9874,3.8468,-1.1904,80.0,Normal,37,0.9459459459459459,0.04594594594594592,4.328523618572755,4.85077925846225,,
2012,lgbm,group_conditional_cp,1985-2007,2008-2009,2010-2011,12663.0,1042.0,1.9623,0.43,-0.9874,3.8468,-1.1904,80.0,ALL,510,0.6725490196078432,-0.22745098039215683,4.630712160035446,11.908202891762182,,
2012,lgbm,group_conditional_cp,1985-2007,2008-2009,2010-2011,12663.0,1042.0,1.9623,0.43,-0.9874,3.8468,-1.1904,80.0,Extreme,448,0.6450892857142857,-0.2549107142857143,4.731105878594697,12.868175762923524,,
2012,lgbm,group_conditional_cp,1985-2007,2008-2009,2010-2011,12663.0,1042.0,1.9623,0.43,-0.9874,3.8468,-1.1904,80.0,Moderate,25,0.76,-0.14,3.2110302611914174,5.119294570222378,,
2012,lgbm,group_conditional_cp,1985-2007,2008-2009,2010-2011,12663.0,1042.0,1.9623,0.43,-0.9874,3.8468,-1.1904,80.0,Normal,37,0.9459459459459459,0.04594594594594592,4.3743786885910145,4.871847804146315,,
2012,lgbm,standard_aci,1985-2007,2008-2009,2010-2011,12663.0,1042.0,1.9623,0.43,-0.9874,3.8468,-1.1904,80.0,ALL,510,0.6392156862745098,-0.26078431372549027,4.294195629335131,12.906369381806332,,
2012,lgbm,standard_aci,1985-2007,2008-2009,2010-2011,12663.0,1042.0,1.9623,0.43,-0.9874,3.8468,-1.1904,80.0,Extreme,448,0.5982142857142857,-0.3017857142857143,4.30985237818397,14.04786863162761,,
2012,lgbm,standard_aci,1985-2007,2008-2009,2010-2011,12663.0,1042.0,1.9623,0.43,-0.9874,3.8468,-1.1904,80.0,Moderate,25,0.92,0.020000000000000018,3.962821265892263,4.372976207558296,,
2012,lgbm,standard_aci,1985-2007,2008-2009,2010-2011,12663.0,1042.0,1.9623,0.43,-0.9874,3.8468,-1.1904,80.0,Normal,37,0.9459459459459459,0.04594594594594592,4.328523618572755,4.85077925846225,,
2012,lgbm,sa_aci,1985-2007,2008-2009,2010-2011,12663.0,1042.0,1.9623,0.43,-0.9874,3.8468,-1.1904,80.0,ALL,510,0.6509803921568628,-0.24901960784313726,4.413671547626077,12.439687473194022,,
2012,lgbm,sa_aci,1985-2007,2008-2009,2010-2011,12663.0,1042.0,1.9623,0.43,-0.9874,3.8468,-1.1904,80.0,Extreme,448,0.6138392857142857,-0.2861607142857143,4.450804935014843,13.517655848571886,,
2012,lgbm,sa_aci,1985-2007,2008-2009,2010-2011,12663.0,1042.0,1.9623,0.43,-0.9874,3.8468,-1.1904,80.0,Moderate,25,0.92,0.020000000000000018,3.967102738935172,4.385585337489469,,
2012,lgbm,sa_aci,1985-2007,2008-2009,2010-2011,12663.0,1042.0,1.9623,0.43,-0.9874,3.8468,-1.1904,80.0,Normal,37,0.918918918918919,0.018918918918918948,4.265792160250537,4.829490749500283,,
2012,lgbm,_group_cp_meta,,,,,,,,,,,,ALL,510,,,,,"{""Extreme"": 0.9968, ""Moderate"": 0.4103, ""Normal"": 0.8091}","{""Extreme"": false, ""Moderate"": false, ""Normal"": false}"
2013,lgbm,rolling_static_cp,1985-2008,2009-2010,2011-2012,13185.0,1016.0,1.0033,0.566,0.3386,1.0573,0.518,84.5,ALL,490,0.9938775510204082,0.09387755102040818,5.577595854607594,5.606415917648987,,
2013,lgbm,rolling_static_cp,1985-2008,2009-2010,2011-2012,13185.0,1016.0,1.0033,0.566,0.3386,1.0573,0.518,84.5,Extreme,138,0.9855072463768116,0.08550724637681162,5.7180018525316,5.817709795437187,,
2013,lgbm,rolling_static_cp,1985-2008,2009-2010,2011-2012,13185.0,1016.0,1.0033,0.566,0.3386,1.0573,0.518,84.5,Moderate,153,1.0,0.09999999999999998,5.377557219338077,5.377557219338077,,
2013,lgbm,rolling_static_cp,1985-2008,2009-2010,2011-2012,13185.0,1016.0,1.0033,0.566,0.3386,1.0573,0.518,84.5,Normal,199,0.9949748743718593,0.09497487437185925,5.634027429897663,5.6358472026077715,,
2013,lgbm,group_conditional_cp,1985-2008,2009-2010,2011-2012,13185.0,1016.0,1.0033,0.566,0.3386,1.0573,0.518,84.5,ALL,490,0.9204081632653062,0.020408163265306145,3.910007095871898,4.481234569244047,,
2013,lgbm,group_conditional_cp,1985-2008,2009-2010,2011-2012,13185.0,1016.0,1.0033,0.566,0.3386,1.0573,0.518,84.5,Extreme,138,0.9927536231884058,0.09275362318840574,6.641281843103236,6.649330603996042,,
2013,lgbm,group_conditional_cp,1985-2008,2009-2010,2011-2012,13185.0,1016.0,1.0033,0.566,0.3386,1.0573,0.518,84.5,Moderate,153,0.9673202614379085,0.06732026143790848,2.959142100216089,3.222823398581437,,
2013,lgbm,group_conditional_cp,1985-2008,2009-2010,2011-2012,13185.0,1016.0,1.0033,0.566,0.3386,1.0573,0.518,84.5,Normal,199,0.8341708542713567,-0.06582914572864329,2.7470243281202102,3.9452529426892915,,
2013,lgbm,standard_aci,1985-2008,2009-2010,2011-2012,13185.0,1016.0,1.0033,0.566,0.3386,1.0573,0.518,84.5,ALL,490,0.9938775510204082,0.09387755102040818,5.577595854607594,5.606415917648987,,
2013,lgbm,standard_aci,1985-2008,2009-2010,2011-2012,13185.0,1016.0,1.0033,0.566,0.3386,1.0573,0.518,84.5,Extreme,138,0.9855072463768116,0.08550724637681162,5.7180018525316,5.817709795437187,,
2013,lgbm,standard_aci,1985-2008,2009-2010,2011-2012,13185.0,1016.0,1.0033,0.566,0.3386,1.0573,0.518,84.5,Moderate,153,1.0,0.09999999999999998,5.377557219338077,5.377557219338077,,
2013,lgbm,standard_aci,1985-2008,2009-2010,2011-2012,13185.0,1016.0,1.0033,0.566,0.3386,1.0573,0.518,84.5,Normal,199,0.9949748743718593,0.09497487437185925,5.634027429897663,5.6358472026077715,,
2013,lgbm,sa_aci,1985-2008,2009-2010,2011-2012,13185.0,1016.0,1.0033,0.566,0.3386,1.0573,0.518,84.5,ALL,490,0.9918367346938776,0.09183673469387754,5.22885458849212,5.281525765923537,,
2013,lgbm,sa_aci,1985-2008,2009-2010,2011-2012,13185.0,1016.0,1.0033,0.566,0.3386,1.0573,0.518,84.5,Extreme,138,0.9855072463768116,0.08550724637681162,5.5307310445155755,5.663603028805708,,
2013,lgbm,sa_aci,1985-2008,2009-2010,2011-2012,13185.0,1016.0,1.0033,0.566,0.3386,1.0573,0.518,84.5,Moderate,153,0.9934640522875817,0.0934640522875817,5.040912964491326,5.05666619077571,,
2013,lgbm,sa_aci,1985-2008,2009-2010,2011-2012,13185.0,1016.0,1.0033,0.566,0.3386,1.0573,0.518,84.5,Normal,199,0.9949748743718593,0.09497487437185925,5.164010958044304,5.189449648937997,,
2013,lgbm,_group_cp_meta,,,,,,,,,,,,ALL,490,,,,,"{""Extreme"": 2.3068, ""Moderate"": 0.636, ""Normal"": 0.4017}","{""Extreme"": false, ""Moderate"": false, ""Normal"": false}"
2014,lgbm,rolling_static_cp,1985-2009,2010-2011,2012-2013,13709.0,1000.0,0.9928,0.541,0.3298,1.2979,0.2155,89.9,ALL,500,0.996,0.09599999999999997,6.113784210551781,6.123961687080966,,
2014,lgbm,rolling_static_cp,1985-2009,2010-2011,2012-2013,13709.0,1000.0,0.9928,0.541,0.3298,1.2979,0.2155,89.9,Extreme,18,1.0,0.09999999999999998,6.908940155193726,6.908940155193726,,
2014,lgbm,rolling_static_cp,1985-2009,2010-2011,2012-2013,13709.0,1000.0,0.9928,0.541,0.3298,1.2979,0.2155,89.9,Moderate,18,1.0,0.09999999999999998,6.440663848498074,6.440663848498074,,
2014,lgbm,rolling_static_cp,1985-2009,2010-2011,2012-2013,13709.0,1000.0,0.9928,0.541,0.3298,1.2979,0.2155,89.9,Normal,464,0.9956896551724138,0.09568965517241379,6.07025696812379,6.081224076452653,,
2014,lgbm,group_conditional_cp,1985-2009,2010-2011,2012-2013,13709.0,1000.0,0.9928,0.541,0.3298,1.2979,0.2155,89.9,ALL,500,0.878,-0.02200000000000002,3.425585158617912,4.244618047208454,,
2014,lgbm,group_conditional_cp,1985-2009,2010-2011,2012-2013,13709.0,1000.0,0.9928,0.541,0.3298,1.2979,0.2155,89.9,Extreme,18,1.0,0.09999999999999998,8.19089579423568,8.19089579423568,,
2014,lgbm,group_conditional_cp,1985-2009,2010-2011,2012-2013,13709.0,1000.0,0.9928,0.541,0.3298,1.2979,0.2155,89.9,Moderate,18,0.6111111111111112,-0.28888888888888886,3.3087529087581222,6.239960025829136,,
2014,lgbm,group_conditional_cp,1985-2009,2010-2011,2012-2013,13709.0,1000.0,0.9928,0.541,0.3298,1.2979,0.2155,89.9,Normal,464,0.8836206896551724,-0.016379310344827647,3.2452562557221287,4.0141241785410795,,
2014,lgbm,standard_aci,1985-2009,2010-2011,2012-2013,13709.0,1000.0,0.9928,0.541,0.3298,1.2979,0.2155,89.9,ALL,500,0.996,0.09599999999999997,6.113784210551781,6.123961687080966,,
2014,lgbm,standard_aci,1985-2009,2010-2011,2012-2013,13709.0,1000.0,0.9928,0.541,0.3298,1.2979,0.2155,89.9,Extreme,18,1.0,0.09999999999999998,6.908940155193726,6.908940155193726,,
2014,lgbm,standard_aci,1985-2009,2010-2011,2012-2013,13709.0,1000.0,0.9928,0.541,0.3298,1.2979,0.2155,89.9,Moderate,18,1.0,0.09999999999999998,6.440663848498074,6.440663848498074,,
2014,lgbm,standard_aci,1985-2009,2010-2011,2012-2013,13709.0,1000.0,0.9928,0.541,0.3298,1.2979,0.2155,89.9,Normal,464,0.9956896551724138,0.09568965517241379,6.07025696812379,6.081224076452653,,
2014,lgbm,sa_aci,1985-2009,2010-2011,2012-2013,13709.0,1000.0,0.9928,0.541,0.3298,1.2979,0.2155,89.9,ALL,500,0.994,0.09399999999999997,5.636472486455552,5.673536492151887,,
2014,lgbm,sa_aci,1985-2009,2010-2011,2012-2013,13709.0,1000.0,0.9928,0.541,0.3298,1.2979,0.2155,89.9,Extreme,18,1.0,0.09999999999999998,6.749846463550313,6.749846463550313,,
2014,lgbm,sa_aci,1985-2009,2010-2011,2012-2013,13709.0,1000.0,0.9928,0.541,0.3298,1.2979,0.2155,89.9,Moderate,18,1.0,0.09999999999999998,6.085026893894569,6.085026893894569,,
2014,lgbm,sa_aci,1985-2009,2010-2011,2012-2013,13709.0,1000.0,0.9928,0.541,0.3298,1.2979,0.2155,89.9,Normal,464,0.9935344827586207,0.09353448275862064,5.575880437055534,5.615820098366241,,
2014,lgbm,_group_cp_meta,,,,,,,,,,,,ALL,500,,,,,"{""Extreme"": 2.61, ""Moderate"": 0.403, ""Normal"": 0.5565}","{""Extreme"": false, ""Moderate"": false, ""Normal"": false}"
2015,lgbm,rolling_static_cp,1985-2010,2011-2012,2013-2014,14245.0,990.0,1.3385,0.4131,-0.561,1.3457,0.4067,92.1,ALL,478,0.799163179916318,-0.100836820083682,3.1028324834447827,6.890056278399607,,
2015,lgbm,rolling_static_cp,1985-2010,2011-2012,2013-2014,14245.0,990.0,1.3385,0.4131,-0.561,1.3457,0.4067,92.1,Moderate,1,1.0,0.09999999999999998,3.6030526945558616,3.6030526945558616,,
2015,lgbm,rolling_static_cp,1985-2010,2011-2012,2013-2014,14245.0,990.0,1.3385,0.4131,-0.561,1.3457,0.4067,92.1,Normal,477,0.7987421383647799,-0.1012578616352201,3.101783803756919,6.896947271237854,,
2015,lgbm,group_conditional_cp,1985-2010,2011-2012,2013-2014,14245.0,990.0,1.3385,0.4131,-0.561,1.3457,0.4067,92.1,ALL,478,0.799163179916318,-0.100836820083682,3.095634428782652,6.8965496168507245,,
2015,lgbm,group_conditional_cp,1985-2010,2011-2012,2013-2014,14245.0,990.0,1.3385,0.4131,-0.561,1.3457,0.4067,92.1,Moderate,1,1.0,0.09999999999999998,3.4141740016606885,3.4141740016606885,,
2015,lgbm,group_conditional_cp,1985-2010,2011-2012,2013-2014,14245.0,990.0,1.3385,0.4131,-0.561,1.3457,0.4067,92.1,Normal,477,0.7987421383647799,-0.1012578616352201,3.0949666309359474,6.903850194660348,,
2015,lgbm,standard_aci,1985-2010,2011-2012,2013-2014,14245.0,990.0,1.3385,0.4131,-0.561,1.3457,0.4067,92.1,ALL,478,0.799163179916318,-0.100836820083682,3.1028324834447827,6.890056278399607,,
2015,lgbm,standard_aci,1985-2010,2011-2012,2013-2014,14245.0,990.0,1.3385,0.4131,-0.561,1.3457,0.4067,92.1,Moderate,1,1.0,0.09999999999999998,3.6030526945558616,3.6030526945558616,,
2015,lgbm,standard_aci,1985-2010,2011-2012,2013-2014,14245.0,990.0,1.3385,0.4131,-0.561,1.3457,0.4067,92.1,Normal,477,0.7987421383647799,-0.1012578616352201,3.101783803756919,6.896947271237854,,
2015,lgbm,sa_aci,1985-2010,2011-2012,2013-2014,14245.0,990.0,1.3385,0.4131,-0.561,1.3457,0.4067,92.1,ALL,478,0.799163179916318,-0.100836820083682,3.0734515322563176,6.919844752682777,,
2015,lgbm,sa_aci,1985-2010,2011-2012,2013-2014,14245.0,990.0,1.3385,0.4131,-0.561,1.3457,0.4067,92.1,Moderate,1,1.0,0.09999999999999998,3.61206638489198,3.61206638489198,,
2015,lgbm,sa_aci,1985-2010,2011-2012,2013-2014,14245.0,990.0,1.3385,0.4131,-0.561,1.3457,0.4067,92.1,Normal,477,0.7987421383647799,-0.1012578616352201,3.0723223606575,6.926779298527201,,
2015,lgbm,_group_cp_meta,,,,,,,,,,,,ALL,478,,,,,"{""Moderate"": 0.4754, ""Normal"": 0.5664}","{""Moderate"": false, ""Normal"": false}"
2016,lgbm,rolling_static_cp,1985-2011,2012-2013,2014-2015,14751.0,978.0,0.8864,0.7249,0.3288,1.3052,0.4035,99.0,ALL,489,0.9693251533742331,0.06932515337423306,3.8444038423799305,3.995788144153163,,
2016,lgbm,rolling_static_cp,1985-2011,2012-2013,2014-2015,14751.0,978.0,0.8864,0.7249,0.3288,1.3052,0.4035,99.0,Extreme,8,1.0,0.09999999999999998,3.910877139933214,3.910877139933214,,
2016,lgbm,rolling_static_cp,1985-2011,2012-2013,2014-2015,14751.0,978.0,0.8864,0.7249,0.3288,1.3052,0.4035,99.0,Moderate,62,1.0,0.09999999999999998,3.8812322200537115,3.8812322200537115,,
2016,lgbm,rolling_static_cp,1985-2011,2012-2013,2014-2015,14751.0,978.0,0.8864,0.7249,0.3288,1.3052,0.4035,99.0,Normal,419,0.964200477326969,0.06420047732696899,3.837685117329332,4.014360352573033,,
2016,lgbm,group_conditional_cp,1985-2011,2012-2013,2014-2015,14751.0,978.0,0.8864,0.7249,0.3288,1.3052,0.4035,99.0,ALL,489,0.9652351738241309,0.06523517382413091,3.813352100485134,3.976957841066339,,
2016,lgbm,group_conditional_cp,1985-2011,2012-2013,2014-2015,14751.0,978.0,0.8864,0.7249,0.3288,1.3052,0.4035,99.0,Extreme,8,1.0,0.09999999999999998,3.910877139933214,3.910877139933214,,
2016,lgbm,group_conditional_cp,1985-2011,2012-2013,2014-2015,14751.0,978.0,0.8864,0.7249,0.3288,1.3052,0.4035,99.0,Moderate,62,1.0,0.09999999999999998,3.8812322200537115,3.8812322200537115,,
2016,lgbm,group_conditional_cp,1985-2011,2012-2013,2014-2015,14751.0,978.0,0.8864,0.7249,0.3288,1.3052,0.4035,99.0,Normal,419,0.9594272076372315,0.05942720763723153,3.801445733590537,3.992384175462157,,
2016,lgbm,standard_aci,1985-2011,2012-2013,2014-2015,14751.0,978.0,0.8864,0.7249,0.3288,1.3052,0.4035,99.0,ALL,489,0.9693251533742331,0.06932515337423306,3.8444038423799305,3.995788144153163,,
2016,lgbm,standard_aci,1985-2011,2012-2013,2014-2015,14751.0,978.0,0.8864,0.7249,0.3288,1.3052,0.4035,99.0,Extreme,8,1.0,0.09999999999999998,3.910877139933214,3.910877139933214,,
2016,lgbm,standard_aci,1985-2011,2012-2013,2014-2015,14751.0,978.0,0.8864,0.7249,0.3288,1.3052,0.4035,99.0,Moderate,62,1.0,0.09999999999999998,3.8812322200537115,3.8812322200537115,,
2016,lgbm,standard_aci,1985-2011,2012-2013,2014-2015,14751.0,978.0,0.8864,0.7249,0.3288,1.3052,0.4035,99.0,Normal,419,0.964200477326969,0.06420047732696899,3.837685117329332,4.014360352573033,,
2016,lgbm,sa_aci,1985-2011,2012-2013,2014-2015,14751.0,978.0,0.8864,0.7249,0.3288,1.3052,0.4035,99.0,ALL,489,0.9652351738241309,0.06523517382413091,3.818673800304967,3.982281567453683,,
2016,lgbm,sa_aci,1985-2011,2012-2013,2014-2015,14751.0,978.0,0.8864,0.7249,0.3288,1.3052,0.4035,99.0,Extreme,8,1.0,0.09999999999999998,3.9970052748760634,3.9970052748760634,,
2016,lgbm,sa_aci,1985-2011,2012-2013,2014-2015,14751.0,978.0,0.8864,0.7249,0.3288,1.3052,0.4035,99.0,Moderate,62,1.0,0.09999999999999998,3.9121310690047992,3.9121310690047992,,
2016,lgbm,sa_aci,1985-2011,2012-2013,2014-2015,14751.0,978.0,0.8864,0.7249,0.3288,1.3052,0.4035,99.0,Normal,419,0.9594272076372315,0.05942720763723153,3.8014399042286935,3.992380711235191,,
2016,lgbm,_group_cp_meta,,,,,,,,,,,,ALL,489,,,,,"{""Extreme"": 0.8667, ""Moderate"": 0.8667, ""Normal"": 0.8486}","{""Extreme"": true, ""Moderate"": true, ""Normal"": false}"
2017,lgbm,rolling_static_cp,1985-2012,2013-2014,2015-2016,15261.0,967.0,1.1033,0.5043,0.7943,1.5866,-0.025,101.0,ALL,504,0.8690476190476191,-0.030952380952380953,3.5126496770128286,4.529859598038663,,
2017,lgbm,rolling_static_cp,1985-2012,2013-2014,2015-2016,15261.0,967.0,1.1033,0.5043,0.7943,1.5866,-0.025,101.0,Extreme,21,0.7619047619047619,-0.13809523809523816,3.530142612391613,5.488824696273674,,
2017,lgbm,rolling_static_cp,1985-2012,2013-2014,2015-2016,15261.0,967.0,1.1033,0.5043,0.7943,1.5866,-0.025,101.0,Moderate,34,0.8235294117647058,-0.07647058823529418,3.7472328298005517,5.0479515943967606,,
2017,lgbm,rolling_static_cp,1985-2012,2013-2014,2015-2016,15261.0,967.0,1.1033,0.5043,0.7943,1.5866,-0.025,101.0,Normal,449,0.8775055679287305,-0.022494432071269554,3.494067986951053,4.445776313096323,,
2017,lgbm,group_conditional_cp,1985-2012,2013-2014,2015-2016,15261.0,967.0,1.1033,0.5043,0.7943,1.5866,-0.025,101.0,ALL,504,0.875,-0.025000000000000022,3.5578667351694158,4.532201765242148,,
2017,lgbm,group_conditional_cp,1985-2012,2013-2014,2015-2016,15261.0,967.0,1.1033,0.5043,0.7943,1.5866,-0.025,101.0,Extreme,21,0.7619047619047619,-0.13809523809523816,3.530142612391613,5.488824696273674,,
2017,lgbm,group_conditional_cp,1985-2012,2013-2014,2015-2016,15261.0,967.0,1.1033,0.5043,0.7943,1.5866,-0.025,101.0,Moderate,34,0.7941176470588235,-0.10588235294117654,3.4776929122541937,5.262793492613037,,
2017,lgbm,group_conditional_cp,1985-2012,2013-2014,2015-2016,15261.0,967.0,1.1033,0.5043,0.7943,1.5866,-0.025,101.0,Normal,449,0.8864142538975501,-0.013585746102449892,3.5652344780590624,4.432136731205907,,
2017,lgbm,standard_aci,1985-2012,2013-2014,2015-2016,15261.0,967.0,1.1033,0.5043,0.7943,1.5866,-0.025,101.0,ALL,504,0.8690476190476191,-0.030952380952380953,3.5126496770128286,4.529859598038663,,
2017,lgbm,standard_aci,1985-2012,2013-2014,2015-2016,15261.0,967.0,1.1033,0.5043,0.7943,1.5866,-0.025,101.0,Extreme,21,0.7619047619047619,-0.13809523809523816,3.530142612391613,5.488824696273674,,
2017,lgbm,standard_aci,1985-2012,2013-2014,2015-2016,15261.0,967.0,1.1033,0.5043,0.7943,1.5866,-0.025,101.0,Moderate,34,0.8235294117647058,-0.07647058823529418,3.7472328298005517,5.0479515943967606,,
2017,lgbm,standard_aci,1985-2012,2013-2014,2015-2016,15261.0,967.0,1.1033,0.5043,0.7943,1.5866,-0.025,101.0,Normal,449,0.8775055679287305,-0.022494432071269554,3.494067986951053,4.445776313096323,,
2017,lgbm,sa_aci,1985-2012,2013-2014,2015-2016,15261.0,967.0,1.1033,0.5043,0.7943,1.5866,-0.025,101.0,ALL,504,0.8611111111111112,-0.03888888888888886,3.5057641921081504,4.5269912388181295,,
2017,lgbm,sa_aci,1985-2012,2013-2014,2015-2016,15261.0,967.0,1.1033,0.5043,0.7943,1.5866,-0.025,101.0,Extreme,21,0.7619047619047619,-0.13809523809523816,3.636977613463844,5.357761868632493,,
2017,lgbm,sa_aci,1985-2012,2013-2014,2015-2016,15261.0,967.0,1.1033,0.5043,0.7943,1.5866,-0.025,101.0,Moderate,34,0.8235294117647058,-0.07647058823529418,3.800374331931579,5.024508107075821,,
2017,lgbm,sa_aci,1985-2012,2013-2014,2015-2016,15261.0,967.0,1.1033,0.5043,0.7943,1.5866,-0.025,101.0,Normal,449,0.8685968819599109,-0.031403118040089106,3.4773182531271565,4.450461713769436,,
2017,lgbm,_group_cp_meta,,,,,,,,,,,,ALL,504,,,,,"{""Extreme"": 0.799, ""Moderate"": 0.6643, ""Normal"": 0.8346}","{""Extreme"": true, ""Moderate"": false, ""Normal"": false}"
2018,lgbm,rolling_static_cp,1985-2013,2014-2015,2016-2017,15751.0,993.0,1.2025,0.5883,0.6479,1.6752,0.2011,95.8,ALL,440,0.7840909090909091,-0.11590909090909096,3.4248663260864585,5.735076865919291,,
2018,lgbm,rolling_static_cp,1985-2013,2014-2015,2016-2017,15751.0,993.0,1.2025,0.5883,0.6479,1.6752,0.2011,95.8,Extreme,28,0.8214285714285714,-0.07857142857142863,4.126373372683887,5.936171069682067,,
2018,lgbm,rolling_static_cp,1985-2013,2014-2015,2016-2017,15751.0,993.0,1.2025,0.5883,0.6479,1.6752,0.2011,95.8,Moderate,80,0.6875,-0.21250000000000002,3.3944110960696023,8.265097307734711,,
2018,lgbm,rolling_static_cp,1985-2013,2014-2015,2016-2017,15751.0,993.0,1.2025,0.5883,0.6479,1.6752,0.2011,95.8,Normal,332,0.8042168674698795,-0.0957831325301205,3.3730416908353154,5.108473633839198,,
2018,lgbm,group_conditional_cp,1985-2013,2014-2015,2016-2017,15751.0,993.0,1.2025,0.5883,0.6479,1.6752,0.2011,95.8,ALL,440,0.7863636363636364,-0.11363636363636365,3.4622417800514023,5.716395282229331,,
2018,lgbm,group_conditional_cp,1985-2013,2014-2015,2016-2017,15751.0,993.0,1.2025,0.5883,0.6479,1.6752,0.2011,95.8,Extreme,28,0.8571428571428571,-0.04285714285714293,4.677914886947655,5.691442666391986,,
2018,lgbm,group_conditional_cp,1985-2013,2014-2015,2016-2017,15751.0,993.0,1.2025,0.5883,0.6479,1.6752,0.2011,95.8,Moderate,80,0.6875,-0.21250000000000002,3.3987776326074894,8.255818417591701,,
2018,lgbm,group_conditional_cp,1985-2013,2014-2015,2016-2017,15751.0,993.0,1.2025,0.5883,0.6479,1.6752,0.2011,95.8,Normal,332,0.8042168674698795,-0.0957831325301205,3.3750076981309753,5.106590530465644,,
2018,lgbm,standard_aci,1985-2013,2014-2015,2016-2017,15751.0,993.0,1.2025,0.5883,0.6479,1.6752,0.2011,95.8,ALL,440,0.7840909090909091,-0.11590909090909096,3.4248663260864585,5.735076865919291,,
2018,lgbm,standard_aci,1985-2013,2014-2015,2016-2017,15751.0,993.0,1.2025,0.5883,0.6479,1.6752,0.2011,95.8,Extreme,28,0.8214285714285714,-0.07857142857142863,4.126373372683887,5.936171069682067,,
2018,lgbm,standard_aci,1985-2013,2014-2015,2016-2017,15751.0,993.0,1.2025,0.5883,0.6479,1.6752,0.2011,95.8,Moderate,80,0.6875,-0.21250000000000002,3.3944110960696023,8.265097307734711,,
2018,lgbm,standard_aci,1985-2013,2014-2015,2016-2017,15751.0,993.0,1.2025,0.5883,0.6479,1.6752,0.2011,95.8,Normal,332,0.8042168674698795,-0.0957831325301205,3.3730416908353154,5.108473633839198,,
2018,lgbm,sa_aci,1985-2013,2014-2015,2016-2017,15751.0,993.0,1.2025,0.5883,0.6479,1.6752,0.2011,95.8,ALL,440,0.7863636363636364,-0.11363636363636365,3.431820472280602,5.723271846394518,,
2018,lgbm,sa_aci,1985-2013,2014-2015,2016-2017,15751.0,993.0,1.2025,0.5883,0.6479,1.6752,0.2011,95.8,Extreme,28,0.8571428571428571,-0.04285714285714293,4.265310625451257,5.895790557067473,,
2018,lgbm,sa_aci,1985-2013,2014-2015,2016-2017,15751.0,993.0,1.2025,0.5883,0.6479,1.6752,0.2011,95.8,Moderate,80,0.6875,-0.21250000000000002,3.444544431029074,8.156341087424511,,
2018,lgbm,sa_aci,1985-2013,2014-2015,2016-2017,15751.0,993.0,1.2025,0.5883,0.6479,1.6752,0.2011,95.8,Normal,332,0.8042168674698795,-0.0957831325301205,3.3584601078569385,5.122440330788366,,
2018,lgbm,_group_cp_meta,,,,,,,,,,,,ALL,440,,,,,"{""Extreme"": 1.0628, ""Moderate"": 0.7892, ""Normal"": 0.788}","{""Extreme"": false, ""Moderate"": false, ""Normal"": false}"
2019,lgbm,rolling_static_cp,1985-2014,2015-2016,2017-2018,16251.0,944.0,0.7921,0.7118,-0.0108,0.9875,0.5521,99.9,ALL,410,0.9634146341463414,0.06341463414634141,3.8182442138476302,4.086630686999261,,
2019,lgbm,rolling_static_cp,1985-2014,2015-2016,2017-2018,16251.0,944.0,0.7921,0.7118,-0.0108,0.9875,0.5521,99.9,Moderate,1,1.0,0.09999999999999998,4.313191404905278,4.313191404905278,,
2019,lgbm,rolling_static_cp,1985-2014,2015-2016,2017-2018,16251.0,944.0,0.7921,0.7118,-0.0108,0.9875,0.5521,99.9,Normal,409,0.9633251833740831,0.0633251833740831,3.817034074016194,4.086076748813672,,
2019,lgbm,group_conditional_cp,1985-2014,2015-2016,2017-2018,16251.0,944.0,0.7921,0.7118,-0.0108,0.9875,0.5521,99.9,ALL,410,0.9560975609756097,0.056097560975609695,3.6205523563518627,3.968206027097373,,
2019,lgbm,group_conditional_cp,1985-2014,2015-2016,2017-2018,16251.0,944.0,0.7921,0.7118,-0.0108,0.9875,0.5521,99.9,Moderate,1,1.0,0.09999999999999998,5.383427162592269,5.383427162592269,,
2019,lgbm,group_conditional_cp,1985-2014,2015-2016,2017-2018,16251.0,944.0,0.7921,0.7118,-0.0108,0.9875,0.5521,99.9,Normal,409,0.9559902200488998,0.05599022004889975,3.616242149001642,3.96474582872208,,
2019,lgbm,standard_aci,1985-2014,2015-2016,2017-2018,16251.0,944.0,0.7921,0.7118,-0.0108,0.9875,0.5521,99.9,ALL,410,0.9634146341463414,0.06341463414634141,3.8182442138476302,4.086630686999261,,
2019,lgbm,standard_aci,1985-2014,2015-2016,2017-2018,16251.0,944.0,0.7921,0.7118,-0.0108,0.9875,0.5521,99.9,Moderate,1,1.0,0.09999999999999998,4.313191404905278,4.313191404905278,,
2019,lgbm,standard_aci,1985-2014,2015-2016,2017-2018,16251.0,944.0,0.7921,0.7118,-0.0108,0.9875,0.5521,99.9,Normal,409,0.9633251833740831,0.0633251833740831,3.817034074016194,4.086076748813672,,
2019,lgbm,sa_aci,1985-2014,2015-2016,2017-2018,16251.0,944.0,0.7921,0.7118,-0.0108,0.9875,0.5521,99.9,ALL,410,0.9634146341463414,0.06341463414634141,3.747419083436505,4.041774318066579,,
2019,lgbm,sa_aci,1985-2014,2015-2016,2017-2018,16251.0,944.0,0.7921,0.7118,-0.0108,0.9875,0.5521,99.9,Moderate,1,1.0,0.09999999999999998,4.30623201847808,4.30623201847808,,
2019,lgbm,sa_aci,1985-2014,2015-2016,2017-2018,16251.0,944.0,0.7921,0.7118,-0.0108,0.9875,0.5521,99.9,Normal,409,0.9633251833740831,0.0633251833740831,3.746052792641783,4.041127722222052,,
2019,lgbm,_group_cp_meta,,,,,,,,,,,,ALL,410,,,,,"{""Moderate"": 1.4942, ""Normal"": 0.8587}","{""Moderate"": false, ""Normal"": false}"
2020,lgbm,rolling_static_cp,1985-2015,2016-2017,2018-2019,16729.0,850.0,0.87,0.6195,0.0474,1.0446,0.4514,99.5,ALL,532,0.9624060150375939,0.06240601503759391,3.5729250652927864,4.122208785696348,,
2020,lgbm,rolling_static_cp,1985-2015,2016-2017,2018-2019,16729.0,850.0,0.87,0.6195,0.0474,1.0446,0.4514,99.5,Extreme,5,0.6,-0.30000000000000004,3.7037202522466943,11.194532163728807,,
2020,lgbm,rolling_static_cp,1985-2015,2016-2017,2018-2019,16729.0,850.0,0.87,0.6195,0.0474,1.0446,0.4514,99.5,Moderate,50,0.92,0.020000000000000018,3.628331548802356,4.7650354707944595,,
2020,lgbm,rolling_static_cp,1985-2015,2016-2017,2018-2019,16729.0,850.0,0.87,0.6195,0.0474,1.0446,0.4514,99.5,Normal,477,0.9706498951781971,0.07064989517819709,3.5657462390658514,3.980693164847149,,
2020,lgbm,group_conditional_cp,1985-2015,2016-2017,2018-2019,16729.0,850.0,0.87,0.6195,0.0474,1.0446,0.4514,99.5,ALL,532,0.9586466165413534,0.05864661654135339,3.5068444559111978,4.009529949985473,,
2020,lgbm,group_conditional_cp,1985-2015,2016-2017,2018-2019,16729.0,850.0,0.87,0.6195,0.0474,1.0446,0.4514,99.5,Extreme,5,0.8,-0.09999999999999998,5.649378613322415,6.582465081385696,,
2020,lgbm,group_conditional_cp,1985-2015,2016-2017,2018-2019,16729.0,850.0,0.87,0.6195,0.0474,1.0446,0.4514,99.5,Moderate,50,0.96,0.05999999999999994,5.127267079619307,5.539360533794289,,
2020,lgbm,group_conditional_cp,1985-2015,2016-2017,2018-2019,16729.0,850.0,0.87,0.6195,0.0474,1.0446,0.4514,99.5,Normal,477,0.960167714884696,0.060167714884695966,3.314530405654465,3.822200380074693,,
2020,lgbm,standard_aci,1985-2015,2016-2017,2018-2019,16729.0,850.0,0.87,0.6195,0.0474,1.0446,0.4514,99.5,ALL,532,0.9624060150375939,0.06240601503759391,3.5729250652927864,4.122208785696348,,
2020,lgbm,standard_aci,1985-2015,2016-2017,2018-2019,16729.0,850.0,0.87,0.6195,0.0474,1.0446,0.4514,99.5,Extreme,5,0.6,-0.30000000000000004,3.7037202522466943,11.194532163728807,,
2020,lgbm,standard_aci,1985-2015,2016-2017,2018-2019,16729.0,850.0,0.87,0.6195,0.0474,1.0446,0.4514,99.5,Moderate,50,0.92,0.020000000000000018,3.628331548802356,4.7650354707944595,,
2020,lgbm,standard_aci,1985-2015,2016-2017,2018-2019,16729.0,850.0,0.87,0.6195,0.0474,1.0446,0.4514,99.5,Normal,477,0.9706498951781971,0.07064989517819709,3.5657462390658514,3.980693164847149,,
2020,lgbm,sa_aci,1985-2015,2016-2017,2018-2019,16729.0,850.0,0.87,0.6195,0.0474,1.0446,0.4514,99.5,ALL,532,0.956766917293233,0.05676691729323302,3.5566161960897285,4.105508313693088,,
2020,lgbm,sa_aci,1985-2015,2016-2017,2018-2019,16729.0,850.0,0.87,0.6195,0.0474,1.0446,0.4514,99.5,Extreme,5,0.6,-0.30000000000000004,3.801043195012847,10.90256333543034,,
2020,lgbm,sa_aci,1985-2015,2016-2017,2018-2019,16729.0,850.0,0.87,0.6195,0.0474,1.0446,0.4514,99.5,Moderate,50,0.92,0.020000000000000018,3.676253520229727,4.776610820038119,,
2020,lgbm,sa_aci,1985-2015,2016-2017,2018-2019,16729.0,850.0,0.87,0.6195,0.0474,1.0446,0.4514,99.5,Normal,477,0.9643605870020965,0.06436058700209646,3.5415134682037417,3.9639141828211004,,
2020,lgbm,_group_cp_meta,,,,,,,,,,,,ALL,532,,,,,"{""Extreme"": 1.8618, ""Moderate"": 1.6384, ""Normal"": 0.7633}","{""Extreme"": false, ""Moderate"": false, ""Normal"": false}"
2021,lgbm,rolling_static_cp,1985-2016,2017-2018,2019-2020,17218.0,942.0,0.9824,0.7045,-0.1732,1.2135,0.5492,99.3,ALL,450,0.86,-0.040000000000000036,2.623294465605701,4.017851656241831,,
2021,lgbm,rolling_static_cp,1985-2016,2017-2018,2019-2020,17218.0,942.0,0.9824,0.7045,-0.1732,1.2135,0.5492,99.3,Extreme,22,0.8181818181818182,-0.08181818181818179,3.091650696013444,5.524109958946278,,
2021,lgbm,rolling_static_cp,1985-2016,2017-2018,2019-2020,17218.0,942.0,0.9824,0.7045,-0.1732,1.2135,0.5492,99.3,Moderate,115,0.7478260869565218,-0.15217391304347827,2.8477946196459216,5.281797194821077,,
2021,lgbm,rolling_static_cp,1985-2016,2017-2018,2019-2020,17218.0,942.0,0.9824,0.7045,-0.1732,1.2135,0.5492,99.3,Normal,313,0.9041533546325878,0.0041533546325878135,2.507890776201242,3.4475915297366844,,
2021,lgbm,group_conditional_cp,1985-2016,2017-2018,2019-2020,17218.0,942.0,0.9824,0.7045,-0.1732,1.2135,0.5492,99.3,ALL,450,0.8911111111111111,-0.008888888888888946,2.801698867557164,3.8477775891145027,,
2021,lgbm,group_conditional_cp,1985-2016,2017-2018,2019-2020,17218.0,942.0,0.9824,0.7045,-0.1732,1.2135,0.5492,99.3,Extreme,22,0.8181818181818182,-0.08181818181818179,3.091650696013444,5.524109958946278,,
2021,lgbm,group_conditional_cp,1985-2016,2017-2018,2019-2020,17218.0,942.0,0.9824,0.7045,-0.1732,1.2135,0.5492,99.3,Moderate,115,0.8695652173913043,-0.0304347826086957,3.606443645917418,4.6188046177402455,,
2021,lgbm,group_conditional_cp,1985-2016,2017-2018,2019-2020,17218.0,942.0,0.9824,0.7045,-0.1732,1.2135,0.5492,99.3,Normal,313,0.9041533546325878,0.0041533546325878135,2.4856458652010387,3.446667619695142,,
2021,lgbm,standard_aci,1985-2016,2017-2018,2019-2020,17218.0,942.0,0.9824,0.7045,-0.1732,1.2135,0.5492,99.3,ALL,450,0.86,-0.040000000000000036,2.623294465605701,4.017851656241831,,
2021,lgbm,standard_aci,1985-2016,2017-2018,2019-2020,17218.0,942.0,0.9824,0.7045,-0.1732,1.2135,0.5492,99.3,Extreme,22,0.8181818181818182,-0.08181818181818179,3.091650696013444,5.524109958946278,,
2021,lgbm,standard_aci,1985-2016,2017-2018,2019-2020,17218.0,942.0,0.9824,0.7045,-0.1732,1.2135,0.5492,99.3,Moderate,115,0.7478260869565218,-0.15217391304347827,2.8477946196459216,5.281797194821077,,
2021,lgbm,standard_aci,1985-2016,2017-2018,2019-2020,17218.0,942.0,0.9824,0.7045,-0.1732,1.2135,0.5492,99.3,Normal,313,0.9041533546325878,0.0041533546325878135,2.507890776201242,3.4475915297366844,,
2021,lgbm,sa_aci,1985-2016,2017-2018,2019-2020,17218.0,942.0,0.9824,0.7045,-0.1732,1.2135,0.5492,99.3,ALL,450,0.8644444444444445,-0.03555555555555556,2.6355942620099215,4.0004353749122386,,
2021,lgbm,sa_aci,1985-2016,2017-2018,2019-2020,17218.0,942.0,0.9824,0.7045,-0.1732,1.2135,0.5492,99.3,Extreme,22,0.8181818181818182,-0.08181818181818179,3.1590960396175443,5.473743885377811,,
2021,lgbm,sa_aci,1985-2016,2017-2018,2019-2020,17218.0,942.0,0.9824,0.7045,-0.1732,1.2135,0.5492,99.3,Moderate,115,0.7652173913043478,-0.13478260869565217,2.883021670277304,5.223281777605331,,
2021,lgbm,sa_aci,1985-2016,2017-2018,2019-2020,17218.0,942.0,0.9824,0.7045,-0.1732,1.2135,0.5492,99.3,Normal,313,0.9041533546325878,0.0041533546325878135,2.507890776201242,3.4475915297366844,,
2021,lgbm,_group_cp_meta,,,,,,,,,,,,ALL,450,,,,,"{""Extreme"": 0.4052, ""Moderate"": 0.7845, ""Normal"": 0.394}","{""Extreme"": true, ""Moderate"": false, ""Normal"": false}"
2022,lgbm,rolling_static_cp,1985-2017,2018-2019,2020-2021,17722.0,982.0,0.8398,0.7691,-0.0116,1.1375,0.5764,109.1,ALL,491,0.955193482688391,0.05519348268839097,2.93330522440891,3.6635536135753575,,
2022,lgbm,rolling_static_cp,1985-2017,2018-2019,2020-2021,17722.0,982.0,0.8398,0.7691,-0.0116,1.1375,0.5764,109.1,Extreme,86,0.8837209302325582,-0.016279069767441867,3.376369444737517,6.22730034988302,,
2022,lgbm,rolling_static_cp,1985-2017,2018-2019,2020-2021,17722.0,982.0,0.8398,0.7691,-0.0116,1.1375,0.5764,109.1,Moderate,160,0.98125,0.08124999999999993,2.905668092631455,3.123208219147487,,
2022,lgbm,rolling_static_cp,1985-2017,2018-2019,2020-2021,17722.0,982.0,0.8398,0.7691,-0.0116,1.1375,0.5764,109.1,Normal,245,0.963265306122449,0.06326530612244896,2.795829380066593,3.116504812701889,,
2022,lgbm,group_conditional_cp,1985-2017,2018-2019,2020-2021,17722.0,982.0,0.8398,0.7691,-0.0116,1.1375,0.5764,109.1,ALL,491,0.9613034623217923,0.06130346232179229,3.657358745040301,3.9455886510957736,,
2022,lgbm,group_conditional_cp,1985-2017,2018-2019,2020-2021,17722.0,982.0,0.8398,0.7691,-0.0116,1.1375,0.5764,109.1,Extreme,86,0.9767441860465116,0.07674418604651156,6.277502083168485,6.529736942397961,,
2022,lgbm,group_conditional_cp,1985-2017,2018-2019,2020-2021,17722.0,982.0,0.8398,0.7691,-0.0116,1.1375,0.5764,109.1,Moderate,160,0.9875,0.08750000000000002,4.071422003183372,4.11690992494775,,
2022,lgbm,group_conditional_cp,1985-2017,2018-2019,2020-2021,17722.0,982.0,0.8398,0.7691,-0.0116,1.1375,0.5764,109.1,Normal,245,0.9387755102040817,0.038775510204081653,2.467226302665136,2.9266165822455523,,
2022,lgbm,standard_aci,1985-2017,2018-2019,2020-2021,17722.0,982.0,0.8398,0.7691,-0.0116,1.1375,0.5764,109.1,ALL,491,0.955193482688391,0.05519348268839097,2.93330522440891,3.6635536135753575,,
2022,lgbm,standard_aci,1985-2017,2018-2019,2020-2021,17722.0,982.0,0.8398,0.7691,-0.0116,1.1375,0.5764,109.1,Extreme,86,0.8837209302325582,-0.016279069767441867,3.376369444737517,6.22730034988302,,
2022,lgbm,standard_aci,1985-2017,2018-2019,2020-2021,17722.0,982.0,0.8398,0.7691,-0.0116,1.1375,0.5764,109.1,Moderate,160,0.98125,0.08124999999999993,2.905668092631455,3.123208219147487,,
2022,lgbm,standard_aci,1985-2017,2018-2019,2020-2021,17722.0,982.0,0.8398,0.7691,-0.0116,1.1375,0.5764,109.1,Normal,245,0.963265306122449,0.06326530612244896,2.795829380066593,3.116504812701889,,
2022,lgbm,sa_aci,1985-2017,2018-2019,2020-2021,17722.0,982.0,0.8398,0.7691,-0.0116,1.1375,0.5764,109.1,ALL,491,0.955193482688391,0.05519348268839097,2.938377800667123,3.6521921385453044,,
2022,lgbm,sa_aci,1985-2017,2018-2019,2020-2021,17722.0,982.0,0.8398,0.7691,-0.0116,1.1375,0.5764,109.1,Extreme,86,0.8837209302325582,-0.016279069767441867,3.443546103683836,6.183438548440983,,
2022,lgbm,sa_aci,1985-2017,2018-2019,2020-2021,17722.0,982.0,0.8398,0.7691,-0.0116,1.1375,0.5764,109.1,Moderate,160,0.98125,0.08124999999999993,2.9221059471274677,3.135313187432378,,
2022,lgbm,sa_aci,1985-2017,2018-2019,2020-2021,17722.0,982.0,0.8398,0.7691,-0.0116,1.1375,0.5764,109.1,Normal,245,0.963265306122449,0.06326530612244896,2.771679933348379,3.101226591308733,,
2022,lgbm,_group_cp_meta,,,,,,,,,,,,ALL,491,,,,,"{""Extreme"": 1.9531, ""Moderate"": 1.0855, ""Normal"": 0.3383}","{""Extreme"": false, ""Moderate"": false, ""Normal"": false}"
2023,lgbm,rolling_static_cp,1985-2018,2019-2020,2021-2022,18162.0,941.0,0.9131,0.7428,-0.4437,1.1702,0.5775,108.3,ALL,462,0.8896103896103896,-0.010389610389610393,2.587175311483488,3.993739079460544,,
2023,lgbm,rolling_static_cp,1985-2018,2019-2020,2021-2022,18162.0,941.0,0.9131,0.7428,-0.4437,1.1702,0.5775,108.3,Extreme,89,0.7078651685393258,-0.19213483146067423,3.0891054747425684,8.45342784336651,,
2023,lgbm,rolling_static_cp,1985-2018,2019-2020,2021-2022,18162.0,941.0,0.9131,0.7428,-0.4437,1.1702,0.5775,108.3,Moderate,100,0.94,0.039999999999999925,2.7052360822941677,3.198720297510807,,
2023,lgbm,rolling_static_cp,1985-2018,2019-2020,2021-2022,18162.0,941.0,0.9131,0.7428,-0.4437,1.1702,0.5775,108.3,Normal,273,0.9304029304029304,0.030402930402930406,2.380296697523319,2.8310635417585037,,
2023,lgbm,group_conditional_cp,1985-2018,2019-2020,2021-2022,18162.0,941.0,0.9131,0.7428,-0.4437,1.1702,0.5775,108.3,ALL,462,0.9155844155844156,0.01558441558441559,2.9371369162119194,3.6033347882090663,,
2023,lgbm,group_conditional_cp,1985-2018,2019-2020,2021-2022,18162.0,941.0,0.9131,0.7428,-0.4437,1.1702,0.5775,108.3,Extreme,89,0.8876404494382022,-0.012359550561797827,5.20740854024296,6.392782368940996,,
2023,lgbm,group_conditional_cp,1985-2018,2019-2020,2021-2022,18162.0,941.0,0.9131,0.7428,-0.4437,1.1702,0.5775,108.3,Moderate,100,0.96,0.05999999999999994,2.9632023840589916,3.327843520992951,,
2023,lgbm,group_conditional_cp,1985-2018,2019-2020,2021-2022,18162.0,941.0,0.9131,0.7428,-0.4437,1.1702,0.5775,108.3,Normal,273,0.9084249084249084,0.008424908424908395,2.1874639443310766,2.794866993470859,,
2023,lgbm,standard_aci,1985-2018,2019-2020,2021-2022,18162.0,941.0,0.9131,0.7428,-0.4437,1.1702,0.5775,108.3,ALL,462,0.8896103896103896,-0.010389610389610393,2.587175311483488,3.993739079460544,,
2023,lgbm,standard_aci,1985-2018,2019-2020,2021-2022,18162.0,941.0,0.9131,0.7428,-0.4437,1.1702,0.5775,108.3,Extreme,89,0.7078651685393258,-0.19213483146067423,3.0891054747425684,8.45342784336651,,
2023,lgbm,standard_aci,1985-2018,2019-2020,2021-2022,18162.0,941.0,0.9131,0.7428,-0.4437,1.1702,0.5775,108.3,Moderate,100,0.94,0.039999999999999925,2.7052360822941677,3.198720297510807,,
2023,lgbm,standard_aci,1985-2018,2019-2020,2021-2022,18162.0,941.0,0.9131,0.7428,-0.4437,1.1702,0.5775,108.3,Normal,273,0.9304029304029304,0.030402930402930406,2.380296697523319,2.8310635417585037,,
2023,lgbm,sa_aci,1985-2018,2019-2020,2021-2022,18162.0,941.0,0.9131,0.7428,-0.4437,1.1702,0.5775,108.3,ALL,462,0.8896103896103896,-0.010389610389610393,2.6047895287852505,3.9720255175113106,,
2023,lgbm,sa_aci,1985-2018,2019-2020,2021-2022,18162.0,941.0,0.9131,0.7428,-0.4437,1.1702,0.5775,108.3,Extreme,89,0.7078651685393258,-0.19213483146067423,3.147133033780265,8.328220473557861,,
2023,lgbm,sa_aci,1985-2018,2019-2020,2021-2022,18162.0,941.0,0.9131,0.7428,-0.4437,1.1702,0.5775,108.3,Moderate,100,0.94,0.039999999999999925,2.7360679720645265,3.2101722475798042,,
2023,lgbm,sa_aci,1985-2018,2019-2020,2021-2022,18162.0,941.0,0.9131,0.7428,-0.4437,1.1702,0.5775,108.3,Normal,273,0.9304029304029304,0.030402930402930406,2.3798942310838442,2.8309411801670157,,
2023,lgbm,_group_cp_meta,,,,,,,,,,,,ALL,462,,,,,"{""Extreme"": 1.3988, ""Moderate"": 0.4686, ""Normal"": 0.2432}","{""Extreme"": false, ""Moderate"": false, ""Normal"": false}"
